objective,retrieval_condition,window_size,mask_count,mask_position,landscape_size,beta,accuracy,lower_ci,upper_ci,effective_n,bigram_accuracy,mean_gap,mean_entropy,mean_energy,mean_top_score,cap_error_0_3,cap_error_0_5,cap_error_0_7,metastable_rate
next_token,memorization,4,,,64,3.0,0.15384615384615385,0.08007589590882648,0.2752434359154765,52,0.19230769230769232,0.07639379469821087,0.942434433561105,-1.650098667694972,0.8308837814972951,0.0,0.0,0.0,1.0
next_token,generalization,4,,,64,3.0,0.1,0.0434751239915711,0.21360490334788393,50,0.12,0.07629002869129181,0.9424216103553772,-1.6500990509986877,0.8310371279716492,0.0,0.0,0.0,1.0
masked_token,memorization,4,1,center,64,3.0,0.018867924528301886,0.0033383673867494,0.09943143501149411,53,0.05660377358490566,0.010635841567561312,0.9424182648928661,-1.6500988636376723,0.8310244308327729,0.0,0.0,0.0,1.0
masked_token,generalization,4,1,center,64,3.0,0.022222222222222223,0.003933497522757507,0.11566946388718814,45,0.15555555555555556,0.010709209077888065,0.9424059987068176,-1.6500991450415716,0.8311649560928345,0.0,0.0,0.0,1.0
masked_token,memorization,4,1,edge,64,3.0,0.043478260869565216,0.012005193588830823,0.14532522919053417,46,0.1956521739130435,0.0033223950506552405,0.9424111350722935,-1.6500988395317742,0.8310531066811603,0.0,0.0,0.0,1.0
masked_token,generalization,4,1,edge,64,3.0,0.09615384615384616,0.041773735183410265,0.20609881861160995,52,0.21153846153846154,0.003267900373500127,0.942411869764328,-1.6500991330696986,0.831135324560679,0.0,0.0,0.0,1.0
masked_token,memorization,4,1,end,64,3.0,0.15384615384615385,0.08007589590882648,0.2752434359154765,52,0.19230769230769232,0.07633060517792518,0.9424266815185547,-1.6500988763112288,0.830975666642189,0.0,0.0,0.0,1.0
masked_token,generalization,4,1,end,64,3.0,0.1,0.0434751239915711,0.21360490334788393,50,0.14,0.07627387911081314,0.9424195206165313,-1.6500991535186769,0.8310635423660279,0.0,0.0,0.0,1.0
masked_token,memorization,4,2,center,64,3.0,0.0,0.0,0.08966985360023902,39,0.0,0.0054628669929045895,0.9424259112431452,-1.6500991582870483,0.8310923209557166,0.0,0.0,0.0,1.0
masked_token,generalization,4,2,center,64,3.0,0.0,0.0,0.10151790621961015,34,0.0,0.005562247051035657,0.9424087019527659,-1.6500992634717155,0.8312121577122632,0.0,0.0,0.0,1.0
masked_token,memorization,4,2,edge,64,3.0,0.0,0.0,0.10151790621961015,34,0.0,0.001869974219623734,0.9424218412707833,-1.650099186336293,0.8311094781931709,0.0,0.0,0.0,1.0
masked_token,generalization,4,2,edge,64,3.0,0.0,0.0,0.08762453925039232,40,0.0,0.0018597732298076153,0.942420843243599,-1.650099155306816,0.8311474308371544,0.0,0.0,0.0,1.0
masked_token,memorization,4,2,end,64,3.0,0.0,0.0,0.07865426194064076,45,0.0,0.043421854782435626,0.9424161182509528,-1.6500989198684692,0.8310504953066508,0.0,0.0,0.0,1.0
masked_token,generalization,4,2,end,64,3.0,0.0,0.0,0.09890426758938868,35,0.0,0.04342019451516015,0.9424087030547006,-1.6500990118299212,0.8310852272169931,0.0,0.0,0.0,1.0
next_token,memorization,4,,,64,10.0,0.9807692307692307,0.8987925373197556,0.9965972795909344,52,0.19230769230769232,0.4163167690858245,0.01744029308275248,-1.0008043463413532,0.9999960488997973,0.0,0.0,0.0,0.0
next_token,generalization,4,,,64,10.0,0.04,0.011038652660826579,0.13460337877954667,50,0.12,0.2629096477478743,0.04975353313609958,-1.0029031753540039,0.9999553108215332,0.0,0.0,0.0,0.0
masked_token,memorization,4,1,center,64,10.0,1.0,0.9324156955469233,1.0,53,0.05660377358490566,0.41024648777718814,0.018598078003258637,-1.0008834398017739,0.9999930656181192,0.0,0.0,0.0,0.0
masked_token,generalization,4,1,center,64,10.0,0.0,0.0,0.07865426194064076,45,0.15555555555555556,0.16058080291582477,0.06313085324234433,-1.0038974814944797,0.9999276995658875,0.0,0.0,0.0,0.0
masked_token,memorization,4,1,edge,64,10.0,1.0,0.9229238226702192,1.0,46,0.1956521739130435,0.41577123210805916,0.014977693203431756,-1.000667180704034,0.9999976961509042,0.0,0.0,0.0,0.0
masked_token,generalization,4,1,edge,64,10.0,0.057692307692307696,0.01981381269057321,0.15642755575159176,52,0.21153846153846154,0.09137802227185322,0.06275047361850739,-1.0038369871102846,0.9999344520843946,0.0,0.0,0.0,0.0
masked_token,memorization,4,1,end,64,10.0,0.9807692307692307,0.8987925373197556,0.9965972795909344,52,0.19230769230769232,0.41711176014863527,0.018362480726164695,-1.0008640885353088,0.9999958987419422,0.0,0.0,0.0,0.0
masked_token,generalization,4,1,end,64,10.0,0.06,0.02061459636463048,0.16217343370877002,50,0.14,0.2283825708180666,0.060049076918512585,-1.00361398935318,0.9999424147605896,0.0,0.0,0.0,0.0
masked_token,memorization,4,2,center,64,10.0,0.8974358974358975,0.7642084129775517,0.9593873444171301,39,0.0,0.3699248030495185,0.018971001263707876,-1.0009559637460954,0.9999921642816983,0.0,0.0,0.0,0.0
masked_token,generalization,4,2,center,64,10.0,0.0,0.0,0.10151790621961015,34,0.0,0.0431447736097171,0.0714457736843649,-1.004484425572788,0.9999213025850409,0.0,0.0,0.0,0.0
masked_token,memorization,4,2,edge,64,10.0,0.9411764705882353,0.8090606311053629,0.9837176869361575,34,0.0,0.3883362483671483,0.015257175368092516,-1.0007474177023943,0.9999930806019727,0.0,0.0,0.0,0.0
masked_token,generalization,4,2,edge,64,10.0,0.0,0.0,0.08762453925039232,40,0.0,0.05370792536996305,0.06806746339425444,-1.0042251586914062,0.999928104877472,0.0,0.0,0.0,0.0
masked_token,memorization,4,2,end,64,10.0,0.9111111111111111,0.792661488316343,0.9648894518657969,45,0.0,0.3936598214424319,0.018266571095834176,-1.0008859448962741,0.999990889761183,0.0,0.0,0.0,0.0
masked_token,generalization,4,2,end,64,10.0,0.0,0.0,0.09890426758938868,35,0.0,0.14396367804812535,0.06663333970521178,-1.0041641065052578,0.9999132990837097,0.0,0.0,0.0,0.0
next_token,memorization,4,,,64,30.0,0.9807692307692307,0.8987925373197556,0.9965972795909344,52,0.19230769230769232,0.4165856024393669,1.187601279262207e-07,-1.0,1.0,0.0,0.0,0.0,0.0
next_token,generalization,4,,,64,30.0,0.02,0.0035391680889764613,0.10495686471836953,50,0.12,0.2825426759198308,7.372065295628838e-06,-1.0000000858306886,1.0,0.0,0.0,0.0,0.0
masked_token,memorization,4,1,center,64,30.0,1.0,0.9324156955469233,1.0,53,0.05660377358490566,0.41081680582379393,6.326532072706543e-07,-1.0000000067476957,1.0,0.0,0.0,0.0,0.0
masked_token,generalization,4,1,center,64,30.0,0.022222222222222223,0.003933497522757507,0.11566946388718814,45,0.15555555555555556,0.22553161904215813,1.0050507034163757e-05,-1.0000001192092896,1.0,0.0,0.0,0.0,0.0
masked_token,memorization,4,1,edge,64,30.0,1.0,0.9229238226702192,1.0,46,0.1956521739130435,0.4160109074057444,4.709764113732517e-08,-1.0,1.0,0.0,0.0,0.0,0.0
masked_token,generalization,4,1,edge,64,30.0,0.019230769230769232,0.003402720409065522,0.10120746268024422,52,0.21153846153846154,0.18405108375904652,7.671373842998985e-06,-1.0000000894069672,1.0,0.0,0.0,0.0,0.0
masked_token,memorization,4,1,end,64,30.0,0.9807692307692307,0.8987925373197556,0.9965972795909344,52,0.19230769230769232,0.4172982076326242,1.5271340162309038e-07,-1.0,1.0,0.0,0.0,0.0,0.0
masked_token,generalization,4,1,end,64,30.0,0.06,0.02061459636463048,0.16217343370877002,50,0.14,0.29474837724119424,6.888014206026804e-06,-1.0000000786781311,1.0,0.0,0.0,0.0,0.0
masked_token,memorization,4,2,center,64,30.0,0.8974358974358975,0.7642084129775517,0.9593873444171301,39,0.0,0.3700332427636171,1.6378024370301303e-06,-1.0000000183398907,1.0,0.0,0.0,0.0,0.0
masked_token,generalization,4,2,center,64,30.0,0.0,0.0,0.10151790621961015,34,0.0,0.10949952686753343,1.4876646163245727e-05,-1.0000001788139343,1.0,0.0,0.0,0.0,0.0
masked_token,memorization,4,2,edge,64,30.0,0.9411764705882353,0.8090606311053629,0.9837176869361575,34,0.0,0.388390047749614,1.7266958589057246e-06,-1.0000000210369335,1.0,0.0,0.0,0.0,0.0
masked_token,generalization,4,2,edge,64,30.0,0.0,0.0,0.08762453925039232,40,0.0,0.17710026847198607,1.1961036784680078e-05,-1.0000001430511474,1.0,0.0,0.0,0.0,0.0
masked_token,memorization,4,2,end,64,30.0,0.9111111111111111,0.792661488316343,0.9648894518657969,45,0.0,0.3939721322307984,1.3357884428824264e-06,-1.0000000158945719,1.0,0.0,0.0,0.0,0.0
masked_token,generalization,4,2,end,64,30.0,0.0,0.0,0.09890426758938868,35,0.0,0.21965053541851895,1.0184679397010461e-05,-1.0000001226152693,1.0,0.0,0.0,0.0,0.0
next_token,memorization,4,,,64,100.0,0.9807692307692307,0.8987925373197556,0.9965972795909344,52,0.19230769230769232,0.41658560666613853,4.185629065567298e-10,-1.0,1.0,0.0,0.0,0.0,0.0
next_token,generalization,4,,,64,100.0,0.04,0.011038652660826579,0.13460337877954667,50,0.12,0.34199211865663526,4.185629065567298e-10,-1.0,1.0,0.0,0.0,0.0,0.0
masked_token,memorization,4,1,center,64,100.0,1.0,0.9324156955469233,1.0,53,0.05660377358490566,0.41081684497448634,4.185629065567298e-10,-1.0,1.0,0.0,0.0,0.0,0.0
masked_token,generalization,4,1,center,64,100.0,0.06666666666666667,0.022931616462147076,0.17856874388640825,45,0.15555555555555556,0.24383759680721495,4.185629065567298e-10,-1.0,1.0,0.0,0.0,0.0,0.0
masked_token,memorization,4,1,edge,64,100.0,1.0,0.9229238226702192,1.0,46,0.1956521739130435,0.4160109084585439,4.185629065567298e-10,-1.0,1.0,0.0,0.0,0.0,0.0
masked_token,generalization,4,1,edge,64,100.0,0.038461538461538464,0.010611488322077558,0.1298142874436598,52,0.21153846153846154,0.27387032471597195,4.185629065567298e-10,-1.0,1.0,0.0,0.0,0.0,0.0
masked_token,memorization,4,1,end,64,100.0,0.9807692307692307,0.8987925373197556,0.9965972795909344,52,0.19230769230769232,0.41729820942362916,4.185629065567298e-10,-1.0,1.0,0.0,0.0,0.0,0.0
masked_token,generalization,4,1,end,64,100.0,0.04,0.011038652660826579,0.13460337877954667,50,0.14,0.35499876268208025,4.185629065567298e-10,-1.0,1.0,0.0,0.0,0.0,0.0
masked_token,memorization,4,2,center,64,100.0,0.8974358974358975,0.7642084129775517,0.9593873444171301,39,0.0,0.3700332414263334,4.185629065567298e-10,-1.0,1.0,0.0,0.0,0.0,0.0
masked_token,generalization,4,2,center,64,100.0,0.0,0.0,0.10151790621961015,34,0.0,0.15661249057773283,4.185629065567298e-10,-1.0,1.0,0.0,0.0,0.0,0.0
masked_token,memorization,4,2,edge,64,100.0,0.9411764705882353,0.8090606311053629,0.9837176869361575,34,0.0,0.38839004621567097,4.185629065567298e-10,-1.0,1.0,0.0,0.0,0.0,0.0
masked_token,generalization,4,2,edge,64,100.0,0.0,0.0,0.08762453925039232,40,0.0,0.2400849108118564,4.185629065567298e-10,-1.0,1.0,0.0,0.0,0.0,0.0
masked_token,memorization,4,2,end,64,100.0,0.9111111111111111,0.792661488316343,0.9648894518657969,45,0.0,0.39397217258810996,4.185629065567298e-10,-1.0,1.0,0.0,0.0,0.0,0.0
masked_token,generalization,4,2,end,64,100.0,0.0,0.0,0.09890426758938868,35,0.0,0.27944028936326504,4.185629065567298e-10,-1.0,1.0,0.0,0.0,0.0,0.0
next_token,memorization,4,,,256,3.0,0.0,0.0,0.08380161250916197,42,0.21428571428571427,0.00938797112376917,0.9413796010471526,-2.1303702479317073,0.962211134887877,0.0,0.0,0.0,0.0
next_token,generalization,4,,,256,3.0,0.0,0.0,0.07135003417431873,50,0.12,0.009386587515473365,0.941378481388092,-2.130370225906372,0.9622347342967987,0.0,0.0,0.0,0.0
masked_token,memorization,4,1,center,256,3.0,0.14893617021276595,0.07406626087497503,0.27685896571112767,47,0.23404255319148937,0.003988330668591438,0.9413771997106836,-2.130370241530398,0.9622587637698397,0.0,0.0,0.0,0.0
masked_token,generalization,4,1,center,256,3.0,0.08888888888888889,0.035110548134203154,0.207338511683657,45,0.15555555555555556,0.0039914446572462715,0.9413765655623542,-2.1303702460394964,0.962271535396576,0.0,0.0,0.0,0.0
masked_token,memorization,4,1,edge,256,3.0,0.0,6.381712396155606e-18,0.08029831778201396,44,0.18181818181818182,0.0013611057603901083,0.9413783428343859,-2.1303702267733486,0.9622379121455279,0.0,0.0,0.0,0.0
masked_token,generalization,4,1,edge,256,3.0,0.0,0.0,0.06879459041288215,52,0.21153846153846154,0.0013613992442305272,0.9413777601260406,-2.1303702547000003,0.9622473556261796,0.0,0.0,0.0,0.0
masked_token,memorization,4,1,end,256,3.0,0.0,0.0,0.08380161250916197,42,0.16666666666666666,0.009388013964607603,0.9413794690654391,-2.1303702422550748,0.9622135162353516,0.0,0.0,0.0,0.0
masked_token,generalization,4,1,end,256,3.0,0.0,0.0,0.07135003417431873,50,0.14,0.009386821538209916,0.9413782215118408,-2.1303702354431153,0.9622385025024414,0.0,0.0,0.0,0.0
masked_token,memorization,4,2,center,256,3.0,0.05263157894736842,0.0145539024485368,0.17285766881068843,38,0.0,0.003077691371895765,0.9413777103549555,-2.1303702530108,0.9622504099419242,0.0,0.0,0.0,0.0
masked_token,generalization,4,2,center,256,3.0,0.0,0.0,0.10151790621961015,34,0.0,0.003076996380353675,0.9413766685654136,-2.130370259284973,0.9622703790664673,0.0,0.0,0.0,0.0
masked_token,memorization,4,2,edge,256,3.0,0.0,0.0,0.10427343003561192,33,0.0,0.0017648401924154975,0.9413777589797974,-2.130370248447765,0.9622499798283433,0.0,0.0,0.0,0.0
masked_token,generalization,4,2,edge,256,3.0,0.0,0.0,0.08762453925039232,40,0.0,0.0017676781862974167,0.9413787320256233,-2.1303702294826508,0.9622311562299728,0.0,0.0,0.0,0.0
masked_token,memorization,4,2,end,256,3.0,0.0,0.0,0.11351709139047801,30,0.0,0.006685093976557255,0.9413781960805258,-2.1303702195485434,0.9622378210226695,0.0,0.0,0.0,0.0
masked_token,generalization,4,2,end,256,3.0,0.0,0.0,0.09890426758938868,35,0.0,0.006690202068005289,0.9413755604199001,-2.130370249067034,0.9622909801346915,0.0,0.0,0.0,0.0
next_token,memorization,4,,,256,10.0,0.9523809523809523,0.8420986468452026,0.9868427513607937,42,0.21428571428571427,0.4019719301057713,0.06670459342144784,-1.004607149532863,0.9998679714543479,0.0,0.0,0.0,0.0
next_token,generalization,4,,,256,10.0,0.02,0.0035391680889764613,0.10495686471836953,50,0.12,0.11338222488760948,0.27446161054074764,-1.1061918568611144,0.9993725371360779,0.0,0.0,0.0,0.0
masked_token,memorization,4,1,center,256,10.0,0.8085106382978723,0.674557199356223,0.8958418439468988,47,0.23404255319148937,0.3429374143164209,0.10804701505347769,-1.0314927101135254,0.9999268080325837,0.0,0.0,0.0,0.0
masked_token,generalization,4,1,center,256,10.0,0.022222222222222223,0.003933497522757507,0.11566946388718814,45,0.15555555555555556,0.018383565462297864,0.32706005366312135,-1.1466367483139037,0.9988677514923944,0.0,0.0,0.0,0.0
masked_token,memorization,4,1,edge,256,10.0,0.8409090909090909,0.7063350943621746,0.920734234422816,44,0.18181818181818182,0.37225876325233415,0.09178881961005655,-1.0192535736344077,0.9998813312162053,0.0,0.0,0.0,0.0
masked_token,generalization,4,1,edge,256,10.0,0.0,0.0,0.06879459041288215,52,0.21153846153846154,0.055791934952139854,0.3202159439858336,-1.1425138757779048,0.9998745379539636,0.0,0.0,0.0,0.0
masked_token,memorization,4,1,end,256,10.0,0.9285714285714286,0.8099028671147485,0.9754100364488272,42,0.16666666666666666,0.3925499137313593,0.0721016593188757,-1.0083652763139634,0.9998793758097149,0.0,0.0,0.0,0.0
masked_token,generalization,4,1,end,256,10.0,0.0,0.0,0.07135003417431873,50,0.14,0.05375641472637653,0.3275687688589096,-1.145491976737976,0.999881192445755,0.0,0.0,0.0,0.0
masked_token,memorization,4,2,center,256,10.0,0.2631578947368421,0.14971462389701298,0.42009150206375323,38,0.0,0.11456736378175647,0.265494459014582,-1.1194329136296322,0.9999430258023111,0.0,0.0,0.0,0.0
masked_token,generalization,4,2,center,256,10.0,0.0,0.0,0.10151790621961015,34,0.0,0.014244115747073117,0.3428720406749669,-1.1571847551009233,0.9999256291810203,0.0,0.0,0.0,0.0
masked_token,memorization,4,2,edge,256,10.0,0.42424242424242425,0.272353589950299,0.5919302630853998,33,0.0,0.17484642610405432,0.21788288889960808,-1.096844788753625,0.9999611215157942,0.0,0.0,0.0,0.0
masked_token,generalization,4,2,edge,256,10.0,0.0,0.0,0.08762453925039232,40,0.0,0.03271469087339938,0.3359128524549305,-1.152598398923874,0.9998678222298623,0.0,0.0,0.0,0.0
masked_token,memorization,4,2,end,256,10.0,0.3,0.16664562643958936,0.47876121011660183,30,0.0,0.1256578708688418,0.24087040616820257,-1.1023276607195536,0.9998895068963368,0.0,0.0,0.0,0.0
masked_token,generalization,4,2,end,256,10.0,0.0,0.0,0.09890426758938868,35,0.0,0.020025972968765668,0.3359144474778857,-1.153470536640712,0.9999230316707066,0.0,0.0,0.0,0.0
next_token,memorization,4,,,256,30.0,0.9523809523809523,0.8420986468452026,0.9868427513607937,42,0.21428571428571427,0.4034509817581801,1.1040004374605696e-05,-1.0000001646223522,1.0,0.0,0.0,0.0,0.0
next_token,generalization,4,,,256,30.0,0.08,0.031549003255790686,0.18838502545063707,50,0.12,0.2487960384786129,0.019236625038750284,-1.0035342836380006,1.0,0.0,0.0,0.0,0.0
masked_token,memorization,4,1,center,256,30.0,0.9574468085106383,0.8575121280614056,0.9882519706294304,47,0.23404255319148937,0.405434805503551,2.298057150788698e-05,-1.000000370309708,1.0,0.0,0.0,0.0,0.0
masked_token,generalization,4,1,center,256,30.0,0.022222222222222223,0.003933497522757507,0.11566946388718814,45,0.15555555555555556,0.1944282583064503,0.057195804931819784,-1.0105649365319147,1.0,0.0,0.0,0.0,0.0
masked_token,memorization,4,1,edge,256,30.0,0.9545454545454546,0.8486472847469684,0.987445153633019,44,0.18181818181818182,0.4122828301888975,9.15555245147657e-06,-1.0000001381744037,1.0,0.0,0.0,0.0,0.0
masked_token,generalization,4,1,edge,256,30.0,0.0,0.0,0.06879459041288215,52,0.21153846153846154,0.27948915392446977,0.020884382191608878,-1.0038423996705275,1.0,0.0,0.0,0.0,0.0
masked_token,memorization,4,1,end,256,30.0,0.9523809523809523,0.8420986468452026,0.9868427513607937,42,0.16666666666666666,0.40394358789282186,1.1043647896999542e-05,-1.0000001646223522,1.0,0.0,0.0,0.0,0.0
masked_token,generalization,4,1,end,256,30.0,0.08,0.031549003255790686,0.18838502545063707,50,0.14,0.22303642235696317,0.028333041533408966,-1.0052178764343263,1.0,0.0,0.0,0.0,0.0
masked_token,memorization,4,2,center,256,30.0,0.8947368421052632,0.7586916879980553,0.9582981020673341,38,0.0,0.3673392546020056,0.030557203072408525,-1.0056472263838117,1.0,0.0,0.0,0.0,0.0
masked_token,generalization,4,2,center,256,30.0,0.0,0.0,0.10151790621961015,34,0.0,0.08093767711783156,0.13662728803878751,-1.0252467428936678,1.0,0.0,0.0,0.0,0.0
masked_token,memorization,4,2,edge,256,30.0,0.8484848484848485,0.6907978686153953,0.9334964074203904,33,0.0,0.3789019185033711,7.899539218866964e-05,-1.0000013149145879,1.0,0.0,0.0,0.0,0.0
masked_token,generalization,4,2,edge,256,30.0,0.0,0.0,0.08762453925039232,40,0.0,0.20665191463194788,0.07378617466697994,-1.0136195361614226,1.0,0.0,0.0,0.0,0.0
masked_token,memorization,4,2,end,256,30.0,0.8,0.6269395261897257,0.9049502189759876,30,0.0,0.3443130916605393,0.027696142040552797,-1.0051170587539673,1.0,0.0,0.0,0.0,0.0
masked_token,generalization,4,2,end,256,30.0,0.0,0.0,0.09890426758938868,35,0.0,0.17073743369962488,0.06165766714266629,-1.011390311377389,1.0,0.0,0.0,0.0,0.0
next_token,memorization,4,,,256,100.0,0.9523809523809523,0.8420986468452026,0.9868427513607937,42,0.21428571428571427,0.40345110717628685,1.2706374841187085e-09,-1.0,1.0,0.0,0.0,0.0,0.0
next_token,generalization,4,,,256,100.0,0.06,0.02061459636463048,0.16217343370877002,50,0.12,0.3136357839405537,0.020804821153478217,-1.0011536574363709,1.0,0.0,0.0,0.0,0.0
masked_token,memorization,4,1,center,256,100.0,0.9574468085106383,0.8575121280614056,0.9882519706294304,47,0.23404255319148937,0.4054347106275406,1.2706374841187085e-09,-1.0,1.0,0.0,0.0,0.0,0.0
masked_token,generalization,4,1,center,256,100.0,0.022222222222222223,0.003933497522757507,0.11566946388718814,45,0.15555555555555556,0.20284390085273318,0.05437617933410981,-1.0030152453316583,1.0,0.0,0.0,0.0,0.0
masked_token,memorization,4,1,edge,256,100.0,0.9545454545454546,0.8486472847469684,0.987445153633019,44,0.18181818181818182,0.41228333835236053,1.2706374841187085e-09,-1.0,1.0,0.0,0.0,0.0,0.0
masked_token,generalization,4,1,edge,256,100.0,0.0,0.0,0.06879459041288215,52,0.21153846153846154,0.2943913091260653,0.02077850124081389,-1.0011521990482624,1.0,0.0,0.0,0.0,0.0
masked_token,memorization,4,1,end,256,100.0,0.9523809523809523,0.8420986468452026,0.9868427513607937,42,0.16666666666666666,0.40394370444118977,1.2706374841187085e-09,-1.0,1.0,0.0,0.0,0.0,0.0
masked_token,generalization,4,1,end,256,100.0,0.06,0.02061459636463048,0.16217343370877002,50,0.14,0.2639135766774416,0.024914461300350927,-1.0013815450668335,1.0,0.0,0.0,0.0,0.0
masked_token,memorization,4,2,center,256,100.0,0.868421052631579,0.7267282994850113,0.9424621712426857,38,0.0,0.367753048427403,0.03055168566704396,-1.0016941396813643,1.0,0.0,0.0,0.0,0.0
masked_token,generalization,4,2,center,256,100.0,0.0,0.0,0.10151790621961015,34,0.0,0.09204369756009649,0.11951100199775694,-1.0066270758123959,1.0,0.0,0.0,0.0,0.0
masked_token,memorization,4,2,edge,256,100.0,0.8484848484848485,0.6907978686153953,0.9334964074203904,33,0.0,0.37902417609637434,1.2706374841187085e-09,-1.0,1.0,0.0,0.0,0.0,0.0
masked_token,generalization,4,2,edge,256,100.0,0.0,0.0,0.08762453925039232,40,0.0,0.2419473140500486,0.046661151503750775,-1.0025874346494674,1.0,0.0,0.0,0.0,0.0
masked_token,memorization,4,2,end,256,100.0,0.8,0.6269395261897257,0.9049502189759876,30,0.0,0.35727436834325393,1.2706374841187085e-09,-1.0,1.0,0.0,0.0,0.0,0.0
masked_token,generalization,4,2,end,256,100.0,0.0,0.0,0.09890426758938868,35,0.0,0.19948648107903344,0.036741830007574874,-1.0020373923437935,1.0,0.0,0.0,0.0,0.0
next_token,memorization,4,,,1024,3.0,0.0625,0.021482843131227235,0.1683569766274222,48,0.16666666666666666,0.00653844381061693,0.9634928132096926,-2.5789089848597846,0.9481135805447897,0.0,0.0,0.0,0.7083333333333334
next_token,generalization,4,,,1024,3.0,0.1,0.0434751239915711,0.21360490334788393,50,0.12,0.006585476025938988,0.9634945094585419,-2.5789101839065554,0.9474676287174225,0.0,0.0,0.0,0.74
masked_token,memorization,4,1,center,1024,3.0,0.0,0.0,0.08201257002322722,43,0.32558139534883723,0.0004099346697330475,0.9634981169257053,-2.578916083934695,0.945943811605143,0.0,0.0,0.0,1.0
masked_token,generalization,4,1,center,1024,3.0,0.0,0.0,0.07865426194064076,45,0.15555555555555556,0.00040917711125479806,0.963498572508494,-2.578916221194797,0.9458156638675266,0.0,0.0,0.0,1.0
masked_token,memorization,4,1,edge,1024,3.0,0.0,0.0,0.0741026511527422,48,0.22916666666666666,0.0007304797569910685,0.9634952805936337,-2.578911210099856,0.9474498232205709,0.0,0.0,0.0,0.7916666666666666
masked_token,generalization,4,1,edge,1024,3.0,0.0,0.0,0.06879459041288215,52,0.21153846153846154,0.0007266950292082933,0.9634954929351807,-2.578911611667046,0.947415332381542,0.0,0.0,0.0,0.7692307692307693
masked_token,memorization,4,1,end,1024,3.0,0.0625,0.021482843131227235,0.1683569766274222,48,0.10416666666666667,0.006547910549367468,0.963493629048268,-2.5789106438557305,0.9478610729177793,0.0,0.0,0.0,0.7291666666666666
masked_token,generalization,4,1,end,1024,3.0,0.1,0.0434751239915711,0.21360490334788393,50,0.14,0.006599394604563713,0.9634952402114868,-2.578911747932434,0.9472290182113647,0.0,0.0,0.0,0.78
masked_token,memorization,4,2,center,1024,3.0,0.0,0.0,0.11025900073475385,31,0.0,0.0022982666569371377,0.963496454300419,-2.5789158498087237,0.9467389602814952,0.0,0.0,0.0,1.0
masked_token,generalization,4,2,center,1024,3.0,0.0,0.0,0.10151790621961015,34,0.0,0.0023344598491402235,0.9634971829021678,-2.5789162902271046,0.9464471813510446,0.0,0.0,0.0,1.0
masked_token,memorization,4,2,edge,1024,3.0,0.0,0.0,0.09642183044857634,36,0.0,0.002312732446524832,0.9634921931558185,-2.5789079467455545,0.9487469030751122,0.0,0.0,0.0,0.6388888888888888
masked_token,generalization,4,2,edge,1024,3.0,0.0,0.0,0.08762453925039232,40,0.0,0.002312224078923464,0.9634926542639732,-2.5789088785648344,0.9485797584056854,0.0,0.0,0.0,0.675
masked_token,memorization,4,2,end,1024,3.0,0.0,0.0,0.1071827150573635,32,0.0,0.003561616875231266,0.9634973257780075,-2.5789156928658485,0.9461934603750706,0.0,0.0,0.0,1.0
masked_token,generalization,4,2,end,1024,3.0,0.0,0.0,0.09890426758938868,35,0.0,0.0035799749195575712,0.9634987115859985,-2.5789160251617433,0.9456184029579162,0.0,0.0,0.0,1.0
next_token,memorization,4,,,1024,10.0,0.6666666666666666,0.5253984633247204,0.7832339862910321,48,0.16666666666666666,0.2825368857787301,0.2443251016860207,-1.0862280527750652,0.9981863796710968,0.0,0.0,0.0,0.020833333333333332
next_token,generalization,4,,,1024,10.0,0.0,0.0,0.07135003417431873,50,0.12,0.010892529040575027,0.4523762232065201,-1.237031753063202,0.9942713522911072,0.0,0.0,0.0,0.04
masked_token,memorization,4,1,center,1024,10.0,0.4186046511627907,0.28384334337485234,0.5667168424428823,43,0.32558139534883723,0.17326527937900188,0.3007665934950806,-1.1494828240815984,0.9999125863230506,0.0,0.0,0.0,0.0
masked_token,generalization,4,1,center,1024,10.0,0.0,0.0,0.07865426194064076,45,0.15555555555555556,0.0005033978157573276,0.4466490427652995,-1.2429413265652127,0.9997889558474223,0.0,0.0,0.0,0.0
masked_token,memorization,4,1,edge,1024,10.0,0.375,0.2521507240406812,0.5163749387475043,48,0.22916666666666666,0.16358902452824017,0.3144367407076061,-1.1516568486889203,0.9996510818600655,0.0,0.0,0.0,0.0
masked_token,generalization,4,1,edge,1024,10.0,0.0,0.0,0.06879459041288215,52,0.21153846153846154,0.023855031897815373,0.44711201523359007,-1.2402008015375872,0.9993190169334412,0.0,0.0,0.0,0.0
masked_token,memorization,4,1,end,1024,10.0,0.3958333333333333,0.2702062649595058,0.5368984540306487,48,0.10416666666666667,0.1739173209449897,0.31153538047025603,-1.1510317201415698,0.9997795994083086,0.0,0.0,0.0,0.0
masked_token,generalization,4,1,end,1024,10.0,0.0,0.0,0.07135003417431873,50,0.14,0.011235807836055756,0.44607408106327057,-1.2396526408195496,0.9995042848587036,0.0,0.0,0.0,0.0
masked_token,memorization,4,2,center,1024,10.0,0.0,0.0,0.11025900073475385,31,0.0,0.002229520029598667,0.4534007974209324,-1.2405872460334533,0.9994986268781847,0.0,0.0,0.0,0.0
masked_token,generalization,4,2,center,1024,10.0,0.0,0.0,0.10151790621961015,34,0.0,0.007563721662496819,0.4506566279074725,-1.2427707700168384,0.9996639910866233,0.0,0.0,0.0,0.0
masked_token,memorization,4,2,edge,1024,10.0,0.0,0.0,0.09642183044857634,36,0.0,0.0025639360667102868,0.45206719140211743,-1.247407790687349,0.9998102320565118,0.0,0.0,0.0,0.0
masked_token,generalization,4,2,edge,1024,10.0,0.0,0.0,0.08762453925039232,40,0.0,0.002936478517949581,0.45297159180045127,-1.2433827251195908,0.9997155204415321,0.0,0.0,0.0,0.0
masked_token,memorization,4,2,end,1024,10.0,0.0,0.0,0.1071827150573635,32,0.0,0.0027348195435479283,0.45204263273626566,-1.246617890894413,0.9996493626385927,0.0,0.0,0.0,0.0
masked_token,generalization,4,2,end,1024,10.0,0.0,0.0,0.09890426758938868,35,0.0,0.001946409312742097,0.4475971485887255,-1.24892098903656,0.9999009387833732,0.0,0.0,0.0,0.0
next_token,memorization,4,,,1024,30.0,0.9583333333333334,0.8602408885222853,0.9884983479210343,48,0.16666666666666666,0.40798590634949505,0.0054245667205110775,-1.0012450764576595,1.0,0.0,0.0,0.0,0.0
next_token,generalization,4,,,1024,30.0,0.04,0.011038652660826579,0.13460337877954667,50,0.12,0.15479604892432688,0.060465881532965164,-1.0138993597030639,1.0,0.0,0.0,0.0,0.0
masked_token,memorization,4,1,center,1024,30.0,0.9302325581395349,0.8139073144696507,0.9759888462080376,43,0.32558139534883723,0.4041405213173739,0.007015347840176624,-1.0016127436660056,1.0,0.0,0.0,0.0,0.0
masked_token,generalization,4,1,center,1024,30.0,0.044444444444444446,0.01227386904044434,0.14827779183880616,45,0.15555555555555556,0.13611631409989464,0.09015982737741174,-1.0207678397496542,1.0,0.0,0.0,0.0,0.0
masked_token,memorization,4,1,edge,1024,30.0,0.8333333333333334,0.7042189996260375,0.9130458996054678,48,0.22916666666666666,0.36859228283477324,0.002268117607046353,-1.000485174357891,1.0,0.0,0.0,0.0,0.0
masked_token,generalization,4,1,edge,1024,30.0,0.038461538461538464,0.010611488322077558,0.1298142874436598,52,0.21153846153846154,0.18810589554218146,0.055097686239679464,-1.012660679908899,1.0,0.0,0.0,0.0,0.0
masked_token,memorization,4,1,end,1024,30.0,0.9583333333333334,0.8602408885222853,0.9884983479210343,48,0.10416666666666667,0.40798590634949505,0.0054245667205110775,-1.0012450764576595,1.0,0.0,0.0,0.0,0.0
masked_token,generalization,4,1,end,1024,30.0,0.04,0.011038652660826579,0.13460337877954667,50,0.14,0.13668594609946014,0.06288133926887976,-1.0144415831565856,1.0,0.0,0.0,0.0,0.0
masked_token,memorization,4,2,center,1024,30.0,0.8064516129032258,0.6371939644454012,0.9081311641365236,31,0.0,0.36506750098159235,0.014411283516553727,-1.003324201030116,1.0,0.0,0.0,0.0,0.0
masked_token,generalization,4,2,center,1024,30.0,0.0,0.0,0.10151790621961015,34,0.0,0.07986875160542481,0.15602971492396805,-1.036029906833873,1.0,0.0,0.0,0.0,0.0
masked_token,memorization,4,2,edge,1024,30.0,0.6944444444444444,0.5314342132091627,0.8199572971719464,36,0.0,0.3216258330374128,0.016257389837232558,-1.0036991106139288,1.0,0.0,0.0,0.0,0.0
masked_token,generalization,4,2,edge,1024,30.0,0.0,0.0,0.08762453925039232,40,0.0,0.1265133347827941,0.08676147286490445,-1.0199710130691528,1.0,0.0,0.0,0.0,0.0
masked_token,memorization,4,2,end,1024,30.0,0.6875,0.5143300030196761,0.8204764788338126,32,0.0,0.34924842813052237,0.014988334502000461,-1.0034358277916908,1.0,0.0,0.0,0.0,0.0
masked_token,generalization,4,2,end,1024,30.0,0.0,0.0,0.09890426758938868,35,0.0,0.14347650100077902,0.0849849362256697,-1.0195744139807565,1.0,0.0,0.0,0.0,0.0
next_token,memorization,4,,,1024,100.0,0.9583333333333334,0.8602408885222853,0.9884983479210343,48,0.16666666666666666,0.40798549850781757,0.0053853423920813825,-1.0003732815384865,1.0,0.0,0.0,0.0,0.0
next_token,generalization,4,,,1024,100.0,0.04,0.011038652660826579,0.13460337877954667,50,0.12,0.22870673038065434,0.03993841628793337,-1.0027683091163635,1.0,0.0,0.0,0.0,0.0
masked_token,memorization,4,1,center,1024,100.0,0.9302325581395349,0.8139073144696507,0.9759888462080376,43,0.32558139534883723,0.4041408650403799,0.006976748083495383,-1.0004835877307625,1.0,0.0,0.0,0.0,0.0
masked_token,generalization,4,1,center,1024,100.0,0.044444444444444446,0.01227386904044434,0.14827779183880616,45,0.15555555555555556,0.15372636090550157,0.08059192643863838,-1.0055861949920655,1.0,0.0,0.0,0.0,0.0
masked_token,memorization,4,1,edge,1024,100.0,0.8333333333333334,0.7042189996260375,0.9130458996054678,48,0.22916666666666666,0.3685928945584844,0.002083337357417938,-1.0001444046696026,1.0,0.0,0.0,0.0,0.0
masked_token,generalization,4,1,edge,1024,100.0,0.038461538461538464,0.010611488322077558,0.1298142874436598,52,0.21153846153846154,0.22849525027693465,0.027662011370006765,-1.001917378260539,1.0,0.0,0.0,0.0,0.0
masked_token,memorization,4,1,end,1024,100.0,0.9583333333333334,0.8602408885222853,0.9884983479210343,48,0.10416666666666667,0.40798549850781757,0.0053853423920813825,-1.0003732815384865,1.0,0.0,0.0,0.0,0.0
masked_token,generalization,4,1,end,1024,100.0,0.06,0.02061459636463048,0.16217343370877002,50,0.14,0.24326267309486865,0.03393841644320633,-1.0023524236679078,1.0,0.0,0.0,0.0,0.0
masked_token,memorization,4,2,center,1024,100.0,0.8064516129032258,0.6371939644454012,0.9081311641365236,31,0.0,0.37148279017738756,0.014385267821255323,-1.0009971087978733,1.0,0.0,0.0,0.0,0.0
masked_token,generalization,4,2,center,1024,100.0,0.0,0.0,0.10151790621961015,34,0.0,0.12080342045930378,0.12283601170342531,-1.0085143341737635,1.0,0.0,0.0,0.0,0.0
masked_token,memorization,4,2,edge,1024,100.0,0.7222222222222222,0.5600719978365485,0.841518299741862,36,0.0,0.327674077047656,0.011111114901567416,-1.0007701582378812,1.0,0.0,0.0,0.0,0.0
masked_token,generalization,4,2,edge,1024,100.0,0.0,0.0,0.08762453925039232,40,0.0,0.1333637975156307,0.05501913370058916,-1.0038136273622513,1.0,0.0,0.0,0.0,0.0
masked_token,memorization,4,2,end,1024,100.0,0.6875,0.5143300030196761,0.8204764788338126,32,0.0,0.3553568272618577,0.011203011468251325,-1.0007765293121338,1.0,0.0,0.0,0.0,0.0
masked_token,generalization,4,2,end,1024,100.0,0.0,0.0,0.09890426758938868,35,0.0,0.15733010502798217,0.06442348967679626,-1.0044654812131608,1.0,0.0,0.0,0.0,0.0
next_token,memorization,8,,,64,3.0,0.13953488372093023,0.06555634267713946,0.2726387659442569,43,0.11627906976744186,0.019504101816997972,0.980768157992252,-1.6277173840722372,0.5262098936147468,0.0,0.0,1.0,1.0
next_token,generalization,8,,,64,3.0,0.20454545454545456,0.11153127823467596,0.34500863681833227,44,0.2727272727272727,0.019360064359551125,0.9807295108383353,-1.6277212771502407,0.5258298109878193,0.0,0.0,1.0,1.0
masked_token,memorization,8,1,center,64,3.0,0.2127659574468085,0.11989580124247318,0.3490430205097927,47,0.3404255319148936,0.10867171940651346,0.9807304118541961,-1.6277196965319045,0.5259408570350484,0.0,0.0,1.0,1.0
masked_token,generalization,8,1,center,64,3.0,0.11320754716981132,0.05292958911068668,0.22576770301339144,53,0.22641509433962265,0.10873452194456784,0.980728769077445,-1.6277214896004155,0.5259648673939255,0.0,0.0,1.0,1.0
masked_token,memorization,8,1,edge,64,3.0,0.075,0.025835556771858243,0.19864530159097524,40,0.25,0.016910084150731565,0.9807600528001785,-1.6277175933122634,0.5271254748106002,0.0,0.0,1.0,1.0
masked_token,generalization,8,1,edge,64,3.0,0.0,0.0,0.0675843044530766,53,0.16981132075471697,0.01732292096569853,0.9807349949512841,-1.6277211702094887,0.5263449021105496,0.0,0.0,1.0,1.0
masked_token,memorization,8,1,end,64,3.0,0.13953488372093023,0.06555634267713946,0.2726387659442569,43,0.13953488372093023,0.01947535201907158,0.9807588721430579,-1.6277183737865715,0.5261598575946896,0.0,0.0,1.0,1.0
masked_token,generalization,8,1,end,64,3.0,0.20454545454545456,0.11153127823467596,0.34500863681833227,44,0.2727272727272727,0.01935136978599158,0.9807276996699247,-1.6277213882316242,0.5257869186726484,0.0,0.0,1.0,1.0
masked_token,memorization,8,2,center,64,3.0,0.0,0.0,0.11025900073475385,31,0.0,0.05774467883090819,0.9807645409337936,-1.6277200291233678,0.5276838233394008,0.0,0.0,1.0,1.0
masked_token,generalization,8,2,center,64,3.0,0.02564102564102564,0.00454058606523737,0.13181286478627144,39,0.0,0.05721000553323673,0.980742083146022,-1.627721383021428,0.526581299610627,0.0,0.0,1.0,1.0
masked_token,memorization,8,2,edge,64,3.0,0.0,0.0,0.12064720365810762,28,0.0,0.018730502043451582,0.980725707752364,-1.6277201516287667,0.5256651320627758,0.0,0.0,1.0,1.0
masked_token,generalization,8,2,edge,64,3.0,0.0,0.0,0.08966985360023902,39,0.0,0.018668192462661326,0.9807331424493057,-1.627721328001756,0.5261375537285438,0.0,0.0,1.0,1.0
masked_token,memorization,8,2,end,64,3.0,0.0,0.0,0.11025900073475385,31,0.0,0.02632468842690991,0.9807731336162936,-1.627718860103238,0.5274065559910189,0.0,0.0,1.0,1.0
masked_token,generalization,8,2,end,64,3.0,0.0,0.0,0.11351709139047801,30,0.0,0.026157713122665883,0.9807433644930522,-1.6277212540308634,0.5266884605089823,0.0,0.0,1.0,1.0
next_token,memorization,8,,,64,10.0,1.0,0.9179874299767727,1.0,43,0.11627906976744186,0.2794362951156705,0.017980798624109392,-1.0007870945819588,0.9999983823576639,0.0,0.0,0.0,0.0
next_token,generalization,8,,,64,10.0,0.045454545454545456,0.012554846366981074,0.15135271525303162,44,0.2727272727272727,0.1574895532632416,0.026872880460525102,-1.00125406276096,0.999996464360844,0.0,0.0,0.0,0.0
masked_token,memorization,8,1,center,64,10.0,1.0,0.9244398288016114,1.0,47,0.3404255319148936,0.28146940572781765,0.019670812492357925,-1.000876987234075,0.9999978212600059,0.0,0.0,0.0,0.0
masked_token,generalization,8,1,center,64,10.0,0.07547169811320754,0.0297390735989018,0.17858722263484247,53,0.22641509433962265,0.2588712599761081,0.02803876010244185,-1.0013218645779591,0.9999957838148441,0.0,0.0,0.0,0.0
masked_token,memorization,8,1,edge,64,10.0,1.0,0.9123754607496077,1.0,40,0.25,0.2830247643403709,0.018086492246948183,-1.000798538327217,0.9999981462955475,0.0,0.0,0.0,0.0
masked_token,generalization,8,1,edge,64,10.0,0.0,0.0,0.0675843044530766,53,0.16981132075471697,0.14103253333354895,0.027006064524065773,-1.0012672959633593,0.9999960784642201,0.0,0.0,0.0,0.0
masked_token,memorization,8,1,end,64,10.0,1.0,0.9179874299767727,1.0,43,0.13953488372093023,0.2794362949424012,0.017980799901970598,-1.0007870945819588,0.9999983823576639,0.0,0.0,0.0,0.0
masked_token,generalization,8,1,end,64,10.0,0.045454545454545456,0.012554846366981074,0.15135271525303162,44,0.2727272727272727,0.1712986030192538,0.026852448492056945,-1.0012508955868809,0.9999964711340991,0.0,0.0,0.0,0.0
masked_token,memorization,8,2,center,64,10.0,1.0,0.889740999265246,0.9999999999999998,31,0.0,0.27821087431643277,0.017781757148763826,-1.0007778867598502,0.9999982387788834,0.0,0.0,0.0,0.0
masked_token,generalization,8,2,center,64,10.0,0.0,0.0,0.08966985360023902,39,0.0,0.20471237941334644,0.02866636608273555,-1.0013535236700988,0.9999957589002756,0.0,0.0,0.0,0.0
masked_token,memorization,8,2,edge,64,10.0,1.0,0.8793527963418923,1.0,28,0.0,0.28122478783396737,0.01663280078875167,-1.0007235876151495,0.9999984417642865,0.0,0.0,0.0,0.0
masked_token,generalization,8,2,edge,64,10.0,0.0,0.0,0.08966985360023902,39,0.0,0.17462747856879082,0.02740390295497118,-1.001291119135343,0.9999959163176708,0.0,0.0,0.0,0.0
masked_token,memorization,8,2,end,64,10.0,1.0,0.889740999265246,0.9999999999999998,31,0.0,0.2765878551309147,0.016526474527293635,-1.000711844813439,0.9999986521659359,0.0,0.0,0.0,0.0
masked_token,generalization,8,2,end,64,10.0,0.0,0.0,0.11351709139047801,30,0.0,0.1687029290633897,0.028605424302319684,-1.0013423005739848,0.9999960839748383,0.0,0.0,0.0,0.0
next_token,memorization,8,,,64,30.0,1.0,0.9179874299767727,1.0,43,0.11627906976744186,0.2796329838158779,1.0435709037225427e-08,-1.0,1.0,0.0,0.0,0.0,0.0
next_token,generalization,8,,,64,30.0,0.045454545454545456,0.012554846366981074,0.15135271525303162,44,0.2727272727272727,0.16370104210959238,4.254141598840229e-08,-1.0,1.0,0.0,0.0,0.0,0.0
masked_token,memorization,8,1,center,64,30.0,1.0,0.9244398288016114,1.0,47,0.3404255319148936,0.2815613938455886,2.0464161631219228e-08,-1.0,1.0,0.0,0.0,0.0,0.0
masked_token,generalization,8,1,center,64,30.0,0.05660377358490566,0.01943630892731418,0.15370448936126319,53,0.22641509433962265,0.2461777298517947,4.140049002782401e-08,-1.0,1.0,0.0,0.0,0.0,0.0
masked_token,memorization,8,1,edge,64,30.0,1.0,0.9123754607496077,1.0,40,0.25,0.2831785622052848,1.6739606599480706e-08,-1.0,1.0,0.0,0.0,0.0,0.0
masked_token,generalization,8,1,edge,64,30.0,0.018867924528301886,0.0033383673867494,0.09943143501149411,53,0.16981132075471697,0.1934374850946215,4.43391629072853e-08,-1.0,1.0,0.0,0.0,0.0,0.0
masked_token,memorization,8,1,end,64,30.0,1.0,0.9179874299767727,1.0,43,0.13953488372093023,0.2796329838158779,1.0435709037225427e-08,-1.0,1.0,0.0,0.0,0.0,0.0
masked_token,generalization,8,1,end,64,30.0,0.045454545454545456,0.012554846366981074,0.15135271525303162,44,0.2727272727272727,0.16267353457144715,4.229483011294635e-08,-1.0,1.0,0.0,0.0,0.0,0.0
masked_token,memorization,8,2,center,64,30.0,1.0,0.889740999265246,0.9999999999999998,31,0.0,0.2783119881285294,1.425252516902788e-08,-1.0,1.0,0.0,0.0,0.0,0.0
masked_token,generalization,8,2,center,64,30.0,0.0,0.0,0.08966985360023902,39,0.0,0.19831523454437652,4.860999690234845e-08,-1.0,1.0,0.0,0.0,0.0,0.0
masked_token,memorization,8,2,edge,64,30.0,1.0,0.8793527963418923,1.0,28,0.0,0.2813733959171389,1.3047555571680088e-08,-1.0,1.0,0.0,0.0,0.0,0.0
masked_token,generalization,8,2,edge,64,30.0,0.0,0.0,0.08966985360023902,39,0.0,0.18550924042192024,5.038505667388248e-08,-1.0,1.0,0.0,0.0,0.0,0.0
masked_token,memorization,8,2,end,64,30.0,1.0,0.889740999265246,0.9999999999999998,31,0.0,0.2767543367020065,5.830609004569571e-09,-1.0,1.0,0.0,0.0,0.0,0.0
masked_token,generalization,8,2,end,64,30.0,0.0,0.0,0.11351709139047801,30,0.0,0.18936835257336498,4.113730846707261e-08,-1.0,1.0,0.0,0.0,0.0,0.0
next_token,memorization,8,,,64,100.0,1.0,0.9179874299767727,1.0,43,0.11627906976744186,0.27963298364260863,4.185629065567298e-10,-1.0,1.0,0.0,0.0,0.0,0.0
next_token,generalization,8,,,64,100.0,0.045454545454545456,0.012554846366981074,0.15135271525303162,44,0.2727272727272727,0.18285604718733917,4.185629065567298e-10,-1.0,1.0,0.0,0.0,0.0,0.0
masked_token,memorization,8,1,center,64,100.0,1.0,0.9244398288016114,1.0,47,0.3404255319148936,0.28156139432115757,4.185629065567298e-10,-1.0,1.0,0.0,0.0,0.0,0.0
masked_token,generalization,8,1,center,64,100.0,0.03773584905660377,0.010410068833819272,0.12754523150959113,53,0.22641509433962265,0.2501570170499244,4.185629065567298e-10,-1.0,1.0,0.0,0.0,0.0,0.0
masked_token,memorization,8,1,edge,64,100.0,1.0,0.9123754607496077,1.0,40,0.25,0.2831785621121526,4.185629065567298e-10,-1.0,1.0,0.0,0.0,0.0,0.0
masked_token,generalization,8,1,edge,64,100.0,0.018867924528301886,0.0033383673867494,0.09943143501149411,53,0.16981132075471697,0.2000581949316668,4.185629065567298e-10,-1.0,1.0,0.0,0.0,0.0,0.0
masked_token,memorization,8,1,end,64,100.0,1.0,0.9179874299767727,1.0,43,0.13953488372093023,0.27963298364260863,4.185629065567298e-10,-1.0,1.0,0.0,0.0,0.0,0.0
masked_token,generalization,8,1,end,64,100.0,0.045454545454545456,0.012554846366981074,0.15135271525303162,44,0.2727272727272727,0.1758359897966412,4.185629065567298e-10,-1.0,1.0,0.0,0.0,0.0,0.0
masked_token,memorization,8,2,center,64,100.0,1.0,0.889740999265246,0.9999999999999998,31,0.0,0.2783119880684441,4.185629065567298e-10,-1.0,1.0,0.0,0.0,0.0,0.0
masked_token,generalization,8,2,center,64,100.0,0.0,0.0,0.08966985360023902,39,0.0,0.20805203759421906,4.185629065567298e-10,-1.0,1.0,0.0,0.0,0.0,0.0
masked_token,memorization,8,2,edge,64,100.0,1.0,0.8793527963418923,1.0,28,0.0,0.2813733963162771,4.185629065567298e-10,-1.0,1.0,0.0,0.0,0.0,0.0
masked_token,generalization,8,2,edge,64,100.0,0.0,0.0,0.08966985360023902,39,0.0,0.1902285971177312,4.185629065567298e-10,-1.0,1.0,0.0,0.0,0.0,0.0
masked_token,memorization,8,2,end,64,100.0,1.0,0.889740999265246,0.9999999999999998,31,0.0,0.2767543367020065,4.185629065567298e-10,-1.0,1.0,0.0,0.0,0.0,0.0
masked_token,generalization,8,2,end,64,100.0,0.0,0.0,0.11351709139047801,30,0.0,0.19495148252074918,4.185629065567298e-10,-1.0,1.0,0.0,0.0,0.0,0.0
next_token,memorization,8,,,256,3.0,0.023809523809523808,0.004215295499100293,0.12321481165248255,42,0.07142857142857142,0.003714197448321751,0.9861171997728801,-2.028851100376674,0.7054481307665507,0.0,0.0,0.0,1.0
next_token,generalization,8,,,256,3.0,0.045454545454545456,0.012554846366981074,0.15135271525303162,44,0.2727272727272727,0.0036543483253229747,0.9861079467968508,-2.028851715001193,0.7054540352387861,0.0,0.0,0.0,1.0
masked_token,memorization,8,1,center,256,3.0,0.1836734693877551,0.09976228838458356,0.31357871567282575,49,0.32653061224489793,0.03617801524850787,0.9861110083910883,-2.0288515480197207,0.7054089210471328,0.0,0.0,0.0,1.0
masked_token,generalization,8,1,center,256,3.0,0.11320754716981132,0.05292958911068668,0.22576770301339144,53,0.22641509433962265,0.03616001478062486,0.9861104690803671,-2.0288516440481508,0.7054353648761533,0.0,0.0,0.0,1.0
masked_token,memorization,8,1,edge,256,3.0,0.08,0.031549003255790686,0.18838502545063707,50,0.16,0.011559645161032677,0.9861041831970215,-2.028851628303528,0.7054831862449646,0.0,0.0,0.0,1.0
masked_token,generalization,8,1,edge,256,3.0,0.16981132075471697,0.09199841772223753,0.29225536823734133,53,0.16981132075471697,0.011541449798727935,0.9861056759672345,-2.028851752011281,0.7054649231568823,0.0,0.0,0.0,1.0
masked_token,memorization,8,1,end,256,3.0,0.023809523809523808,0.004215295499100293,0.12321481165248255,42,0.09523809523809523,0.0037028215648162934,0.9861154371783847,-2.0288513047354564,0.7054575341088432,0.0,0.0,0.0,1.0
masked_token,generalization,8,1,end,256,3.0,0.045454545454545456,0.012554846366981074,0.15135271525303162,44,0.2727272727272727,0.003652700392360037,0.9861077476631511,-2.0288517583500254,0.7054549496282231,0.0,0.0,0.0,1.0
masked_token,memorization,8,2,center,256,3.0,0.02702702702702703,0.004786851054907742,0.13824378437563367,37,0.0,0.04174446254163175,0.9861128845730344,-2.0288514962067477,0.7054833689251462,0.0,0.0,0.0,1.0
masked_token,generalization,8,2,center,256,3.0,0.0,0.0,0.08966985360023902,39,0.0,0.04185750311574875,0.9861173492211562,-2.028851405168191,0.7054887780776391,0.0,0.0,0.0,1.0
masked_token,memorization,8,2,edge,256,3.0,0.0,0.0,0.10427343003561192,33,0.0,0.022020756351676853,0.986111789038687,-2.028851516319044,0.7054700941750498,0.0,0.0,0.0,1.0
masked_token,generalization,8,2,edge,256,3.0,0.0,0.0,0.08966985360023902,39,0.0,0.022030920793230716,0.9861135192406483,-2.028851570227207,0.7054605361742851,0.0,0.0,0.0,1.0
masked_token,memorization,8,2,end,256,3.0,0.0,0.0,0.11351709139047801,30,0.0,0.00367776770144701,0.9861185610294342,-2.028851366043091,0.7054693957169851,0.0,0.0,0.0,1.0
masked_token,generalization,8,2,end,256,3.0,0.0,0.0,0.11351709139047801,30,0.0,0.003680281899869442,0.9861164152622223,-2.028851540883382,0.7054894169171652,0.0,0.0,0.0,1.0
next_token,memorization,8,,,256,10.0,1.0,0.916198387490838,1.0,42,0.07142857142857142,0.2768751299452214,0.041468253758336814,-1.0023462346621923,0.9999904519035703,0.0,0.0,0.0,0.0
next_token,generalization,8,,,256,10.0,0.0,6.381712396155606e-18,0.08029831778201396,44,0.2727272727272727,0.10137907140464945,0.08725929209454493,-1.0057410299777985,0.9999582239172675,0.0,0.0,0.0,0.0
masked_token,memorization,8,1,center,256,10.0,1.0,0.9272997032640948,0.9999999999999998,49,0.32653061224489793,0.2793947817111502,0.042190570650356155,-1.002404208085975,0.9999893514477477,0.0,0.0,0.0,0.0
masked_token,generalization,8,1,center,256,10.0,0.03773584905660377,0.010410068833819272,0.12754523150959113,53,0.22641509433962265,0.14290057853707727,0.08881360053453806,-1.0058550564747937,0.9999574962651955,0.0,0.0,0.0,0.0
masked_token,memorization,8,1,edge,256,10.0,1.0,0.9286499658256813,1.0,50,0.16,0.2804178559407592,0.042593013979494575,-1.0024280524253846,0.9999892330169677,0.0,0.0,0.0,0.0
masked_token,generalization,8,1,edge,256,10.0,0.018867924528301886,0.0033383673867494,0.09943143501149411,53,0.16981132075471697,0.08715240945512394,0.08987308588792693,-1.0059408286832414,0.9999560803737281,0.0,0.0,0.0,0.0
masked_token,memorization,8,1,end,256,10.0,1.0,0.916198387490838,1.0,42,0.09523809523809523,0.27687513189656393,0.0414682538470342,-1.0023462346621923,0.9999904533227285,0.0,0.0,0.0,0.0
masked_token,generalization,8,1,end,256,10.0,0.0,6.381712396155606e-18,0.08029831778201396,44,0.2727272727272727,0.08847413148561661,0.08965706782923503,-1.005920645865527,0.9999569085511294,0.0,0.0,0.0,0.0
masked_token,memorization,8,2,center,256,10.0,1.0,0.9059390425448562,1.0,37,0.0,0.27904166704094086,0.04061403140627049,-1.0022967022818488,0.9999902248382568,0.0,0.0,0.0,0.0
masked_token,generalization,8,2,center,256,10.0,0.0,0.0,0.08966985360023902,39,0.0,0.1961255702548302,0.09207450827726951,-1.0060823911275618,0.9999544391265283,0.0,0.0,0.0,0.0
masked_token,memorization,8,2,edge,256,10.0,1.0,0.8957265699643882,1.0,33,0.0,0.27909276419968315,0.038097936772938934,-1.0021159215406938,0.9999920617450367,0.0,0.0,0.0,0.0
masked_token,generalization,8,2,edge,256,10.0,0.0,0.0,0.08966985360023902,39,0.0,0.09953622195201042,0.09228120075586514,-1.0061220908776307,0.9999536413412827,0.0,0.0,0.0,0.0
masked_token,memorization,8,2,end,256,10.0,1.0,0.886482908609522,1.0,30,0.0,0.27809513683120407,0.03636425801863273,-1.001997172832489,0.9999932328859965,0.0,0.0,0.0,0.0
masked_token,generalization,8,2,end,256,10.0,0.0,0.0,0.11351709139047801,30,0.0,0.040445771999657154,0.0922981347888708,-1.0061050653457642,0.9999555309613546,0.0,0.0,0.0,0.0
next_token,memorization,8,,,256,30.0,1.0,0.916198387490838,1.0,42,0.07142857142857142,0.27732770801300094,2.829082509000121e-08,-1.0,1.0,0.0,0.0,0.0,0.0
next_token,generalization,8,,,256,30.0,0.0,6.381712396155606e-18,0.08029831778201396,44,0.2727272727272727,0.19978812616318464,3.49789836010225e-07,-1.0,1.0,0.0,0.0,0.0,0.0
masked_token,memorization,8,1,center,256,30.0,1.0,0.9272997032640948,0.9999999999999998,49,0.32653061224489793,0.2796499527686713,6.867945285498373e-08,-1.0,1.0,0.0,0.0,0.0,0.0
masked_token,generalization,8,1,center,256,30.0,0.018867924528301886,0.0033383673867494,0.09943143501149411,53,0.22641509433962265,0.18871611068552396,4.1407883829956403e-07,-1.0,1.0,0.0,0.0,0.0,0.0
masked_token,memorization,8,1,edge,256,30.0,1.0,0.9286499658256813,1.0,50,0.16,0.2808563830703497,6.390664730737683e-08,-1.0,1.0,0.0,0.0,0.0,0.0
masked_token,generalization,8,1,edge,256,30.0,0.0,0.0,0.0675843044530766,53,0.16981132075471697,0.18477728794205864,4.1538992056118886e-07,-1.0,1.0,0.0,0.0,0.0,0.0
masked_token,memorization,8,1,end,256,30.0,1.0,0.916198387490838,1.0,42,0.09523809523809523,0.27732770801300094,2.829082509000121e-08,-1.0,1.0,0.0,0.0,0.0,0.0
masked_token,generalization,8,1,end,256,30.0,0.0,6.381712396155606e-18,0.08029831778201396,44,0.2727272727272727,0.19454044476151466,3.3096035163448045e-07,-1.0,1.0,0.0,0.0,0.0,0.0
masked_token,memorization,8,2,center,256,30.0,1.0,0.9059390425448562,1.0,37,0.0,0.27935327992245956,3.481640239174363e-08,-1.0,1.0,0.0,0.0,0.0,0.0
masked_token,generalization,8,2,center,256,30.0,0.0,0.0,0.08966985360023902,39,0.0,0.18696664524479553,3.613396776549539e-07,-1.0,1.0,0.0,0.0,0.0,0.0
masked_token,memorization,8,2,edge,256,30.0,1.0,0.8957265699643882,1.0,33,0.0,0.27941513290120795,2.1493842338956536e-08,-1.0,1.0,0.0,0.0,0.0,0.0
masked_token,generalization,8,2,edge,256,30.0,0.0,0.0,0.08966985360023902,39,0.0,0.17946670882594892,4.543125166352369e-07,-1.0,1.0,0.0,0.0,0.0,0.0
masked_token,memorization,8,2,end,256,30.0,1.0,0.886482908609522,1.0,30,0.0,0.2783943982794881,5.724875307144828e-09,-1.0,1.0,0.0,0.0,0.0,0.0
masked_token,generalization,8,2,end,256,30.0,0.0,0.0,0.11351709139047801,30,0.0,0.18383234394714237,2.262769561204673e-07,-1.0,1.0,0.0,0.0,0.0,0.0
next_token,memorization,8,,,256,100.0,1.0,0.916198387490838,1.0,42,0.07142857142857142,0.2773277073921192,1.2706374841187085e-09,-1.0,1.0,0.0,0.0,0.0,0.0
next_token,generalization,8,,,256,100.0,0.0,6.381712396155606e-18,0.08029831778201396,44,0.2727272727272727,0.19224310395392505,1.2706374841187085e-09,-1.0,1.0,0.0,0.0,0.0,0.0
masked_token,memorization,8,1,center,256,100.0,1.0,0.9272997032640948,0.9999999999999998,49,0.32653061224489793,0.27964995352893457,1.2706374841187085e-09,-1.0,1.0,0.0,0.0,0.0,0.0
masked_token,generalization,8,1,center,256,100.0,0.018867924528301886,0.0033383673867494,0.09943143501149411,53,0.22641509433962265,0.2141926701198209,1.2706374841187085e-09,-1.0,1.0,0.0,0.0,0.0,0.0
masked_token,memorization,8,1,edge,256,100.0,1.0,0.9286499658256813,1.0,50,0.16,0.28085638370364907,1.2706374841187085e-09,-1.0,1.0,0.0,0.0,0.0,0.0
masked_token,generalization,8,1,edge,256,100.0,0.0,0.0,0.0675843044530766,53,0.16981132075471697,0.18407094886280456,1.2706374841187085e-09,-1.0,1.0,0.0,0.0,0.0,0.0
masked_token,memorization,8,1,end,256,100.0,1.0,0.916198387490838,1.0,42,0.09523809523809523,0.2773277073921192,1.2706374841187085e-09,-1.0,1.0,0.0,0.0,0.0,0.0
masked_token,generalization,8,1,end,256,100.0,0.0,6.381712396155606e-18,0.08029831778201396,44,0.2727272727272727,0.20537846069782972,1.2706374841187085e-09,-1.0,1.0,0.0,0.0,0.0,0.0
masked_token,memorization,8,2,center,256,100.0,1.0,0.9059390425448562,1.0,37,0.0,0.2793532803251937,1.2706374841187085e-09,-1.0,1.0,0.0,0.0,0.0,0.0
masked_token,generalization,8,2,center,256,100.0,0.0,0.0,0.08966985360023902,39,0.0,0.18650326550675508,1.2706374841187085e-09,-1.0,1.0,0.0,0.0,0.0,0.0
masked_token,memorization,8,2,edge,256,100.0,1.0,0.8957265699643882,1.0,33,0.0,0.2794151342840809,1.2706374841187085e-09,-1.0,1.0,0.0,0.0,0.0,0.0
masked_token,generalization,8,2,edge,256,100.0,0.0,0.0,0.08966985360023902,39,0.0,0.17978557555052715,1.2706374841187085e-09,-1.0,1.0,0.0,0.0,0.0,0.0
masked_token,memorization,8,2,end,256,100.0,1.0,0.886482908609522,1.0,30,0.0,0.2783943978448709,1.2706374841187085e-09,-1.0,1.0,0.0,0.0,0.0,0.0
masked_token,generalization,8,2,end,256,100.0,0.0,0.0,0.11351709139047801,30,0.0,0.18313798836121956,1.2706374841187085e-09,-1.0,1.0,0.0,0.0,0.0,0.0
next_token,memorization,8,,,1024,3.0,0.0,0.0,0.07270029673590504,49,0.16326530612244897,0.0008683973277101711,0.9888708238698998,-2.4962619908001957,0.6109619578536676,0.0,0.0,1.0,1.0
next_token,generalization,8,,,1024,3.0,0.0,6.381712396155606e-18,0.08029831778201396,44,0.2727272727272727,0.0008704551410945979,0.9888705204833638,-2.4962619868191807,0.6110321202061393,0.0,0.0,1.0,1.0
masked_token,memorization,8,1,center,1024,3.0,0.0,0.0,0.07135003417431873,50,0.2,0.0019847166165709498,0.9888697028160095,-2.4962620544433594,0.6111107397079468,0.0,0.0,1.0,1.0
masked_token,generalization,8,1,center,1024,3.0,0.018867924528301886,0.0033383673867494,0.09943143501149411,53,0.22641509433962265,0.0019846041247529806,0.9888698717333236,-2.496261974550643,0.6110989248977517,0.0,0.0,1.0,1.0
masked_token,memorization,8,1,edge,1024,3.0,0.0,0.0,0.09181293258383999,38,0.18421052631578946,0.011156981712893435,0.9888713485316226,-2.4962619229366907,0.6109324411342019,0.0,0.0,1.0,1.0
masked_token,generalization,8,1,edge,1024,3.0,0.0,0.0,0.0675843044530766,53,0.16981132075471697,0.011143496716922184,0.9888708141614806,-2.4962619295660056,0.6110266863175158,0.0,0.0,1.0,1.0
masked_token,memorization,8,1,end,1024,3.0,0.0,0.0,0.07270029673590504,49,0.16326530612244897,0.0008689555130442794,0.9888706937128183,-2.4962619908001957,0.6109620697644292,0.0,0.0,1.0,1.0
masked_token,generalization,8,1,end,1024,3.0,0.0,6.381712396155606e-18,0.08029831778201396,44,0.2727272727272727,0.0008713197471065955,0.9888703999194232,-2.496262003074993,0.6110330833630129,0.0,0.0,1.0,1.0
masked_token,memorization,8,2,center,1024,3.0,0.0,0.0,0.10427343003561192,33,0.0,0.004487616941332817,0.9888706767197811,-2.49626197236957,0.6109134536800962,0.0,0.0,1.0,1.0
masked_token,generalization,8,2,center,1024,3.0,0.0,0.0,0.08966985360023902,39,0.0,0.0044892544929797835,0.9888707368801801,-2.4962620368370643,0.6109476807789925,0.0,0.0,1.0,1.0
masked_token,memorization,8,2,edge,1024,3.0,0.0,0.0,0.11697359446555587,29,0.0,0.0057668292830730305,0.9888703350363106,-2.4962619995248727,0.6110035181045532,0.0,0.0,1.0,1.0
masked_token,generalization,8,2,edge,1024,3.0,0.0,0.0,0.08966985360023902,39,0.0,0.005808403333410239,0.9888709477889233,-2.496262055176955,0.6110140207486275,0.0,0.0,1.0,1.0
masked_token,memorization,8,2,end,1024,3.0,0.0,0.0,0.10151790621961015,34,0.0,0.001790338141076705,0.9888702105073368,-2.4962620033937344,0.6109350726884955,0.0,0.0,1.0,1.0
masked_token,generalization,8,2,end,1024,3.0,0.0,0.0,0.11351709139047801,30,0.0,0.0017852963879704475,0.9888710300127665,-2.496262017885844,0.6108913064002991,0.0,0.0,1.0,1.0
next_token,memorization,8,,,1024,10.0,1.0,0.9272997032640948,0.9999999999999998,49,0.16326530612244897,0.2755223644935355,0.14365461058154397,-1.010779823575701,0.9997811451250193,0.0,0.0,0.0,0.0
next_token,generalization,8,,,1024,10.0,0.0,6.381712396155606e-18,0.08029831778201396,44,0.2727272727272727,0.016771968200125477,0.33225688473744824,-1.0268882729790427,0.9896107559854334,0.0,0.0,0.0,0.045454545454545456
masked_token,memorization,8,1,center,1024,10.0,1.0,0.9286499658256813,1.0,50,0.2,0.27595961682498454,0.1499808697402477,-1.0113609337806702,0.9997380399703979,0.0,0.0,0.0,0.0
masked_token,generalization,8,1,center,1024,10.0,0.05660377358490566,0.01943630892731418,0.15370448936126319,53,0.22641509433962265,0.21124110666086088,0.33243933938584236,-1.029605727150755,0.9915507312090892,0.0,0.0,0.0,0.03773584905660377
masked_token,memorization,8,1,edge,1024,10.0,1.0,0.90818706741616,1.0,38,0.18421052631578946,0.27966414921377836,0.1365400931160701,-1.0101133208525808,0.9998105340882352,0.0,0.0,0.0,0.0
masked_token,generalization,8,1,edge,1024,10.0,0.0,0.0,0.0675843044530766,53,0.16981132075471697,0.028989279748133895,0.31756940933893313,-1.0306718102041281,0.9981867209920343,0.0,0.0,0.0,0.0
masked_token,memorization,8,1,end,1024,10.0,1.0,0.9272997032640948,0.9999999999999998,49,0.16326530612244897,0.2755223628969825,0.1436546210731779,-1.0107798211428585,0.9997811402593341,0.0,0.0,0.0,0.0
masked_token,generalization,8,1,end,1024,10.0,0.0,6.381712396155606e-18,0.08029831778201396,44,0.2727272727272727,0.01662512563846328,0.3205501308495348,-1.029769923199307,0.9967491843483665,0.0,0.0,0.0,0.0
masked_token,memorization,8,2,center,1024,10.0,1.0,0.8957265699643882,1.0,33,0.0,0.2737431895326484,0.13766663815035965,-1.0101516210671626,0.9997862053639961,0.0,0.0,0.0,0.0
masked_token,generalization,8,2,center,1024,10.0,0.0,0.0,0.08966985360023902,39,0.0,0.10809143830854924,0.33562968556697553,-1.0294846693674724,0.9941822305703775,0.0,0.0,0.0,0.05128205128205128
masked_token,memorization,8,2,edge,1024,10.0,1.0,0.8830264055344442,1.0,29,0.0,0.27754097277748174,0.12560920057625607,-1.0090997753472164,0.9998493194580078,0.0,0.0,0.0,0.0
masked_token,generalization,8,2,edge,1024,10.0,0.0,0.0,0.08966985360023902,39,0.0,0.06411065607785414,0.326474205041543,-1.0318552133364556,0.9977795099600767,0.0,0.0,0.0,0.0
masked_token,memorization,8,2,end,1024,10.0,1.0,0.8984820937803899,1.0,34,0.0,0.27547755130731005,0.1261273328872288,-1.0091157906195696,0.9998390884960399,0.0,0.0,0.0,0.0
masked_token,generalization,8,2,end,1024,10.0,0.0,0.0,0.11351709139047801,30,0.0,0.04191552934547265,0.3356423412760099,-1.02911110719045,0.9925923367341359,0.0,0.0,0.0,0.03333333333333333
next_token,memorization,8,,,1024,30.0,1.0,0.9272997032640948,0.9999999999999998,49,0.16326530612244897,0.2780613192946327,6.353524827340075e-07,-1.0000000097313706,1.0,0.0,0.0,0.0,0.0
next_token,generalization,8,,,1024,30.0,0.022727272727272728,0.00402314838563701,0.11807979131537633,44,0.2727272727272727,0.1735510884530165,1.175494537821529e-05,-1.0000002438371831,1.0,0.0,0.0,0.0,0.0
masked_token,memorization,8,1,center,1024,30.0,1.0,0.9286499658256813,1.0,50,0.2,0.27884534299373626,8.088339431822078e-07,-1.0000000143051146,1.0,0.0,0.0,0.0,0.0
masked_token,generalization,8,1,center,1024,30.0,0.05660377358490566,0.01943630892731418,0.15370448936126319,53,0.22641509433962265,0.17575136800560187,6.5464864162713485e-06,-1.0000001034646664,1.0,0.0,0.0,0.0,0.0
masked_token,memorization,8,1,edge,1024,30.0,1.0,0.90818706741616,1.0,38,0.18421052631578946,0.28180174735423763,2.5836243951266923e-07,-1.0000000031370866,1.0,0.0,0.0,0.0,0.0
masked_token,generalization,8,1,edge,1024,30.0,0.018867924528301886,0.0033383673867494,0.09943143501149411,53,0.16981132075471697,0.13533622750414992,1.139653473733512e-05,-1.0000002136770285,1.0,0.0,0.0,0.0,0.0
masked_token,memorization,8,1,end,1024,30.0,1.0,0.9272997032640948,0.9999999999999998,49,0.16326530612244897,0.2780613192946327,6.353524827340075e-07,-1.0000000097313706,1.0,0.0,0.0,0.0,0.0
masked_token,generalization,8,1,end,1024,30.0,0.022727272727272728,0.00402314838563701,0.11807979131537633,44,0.2727272727272727,0.17383377097377722,1.1809204335017592e-05,-1.0000002465464852,1.0,0.0,0.0,0.0,0.0
masked_token,memorization,8,2,center,1024,30.0,1.0,0.8957265699643882,1.0,33,0.0,0.27604107045088755,1.154426639534992e-07,-1.0,1.0,0.0,0.0,0.0,0.0
masked_token,generalization,8,2,center,1024,30.0,0.0,0.0,0.08966985360023902,39,0.0,0.17428762792872313,8.454312386641815e-06,-1.0000001406058288,1.0,0.0,0.0,0.0,0.0
masked_token,memorization,8,2,edge,1024,30.0,1.0,0.8830264055344442,1.0,29,0.0,0.27919263074752587,1.5461900290382613e-07,-1.0,1.0,0.0,0.0,0.0,0.0
masked_token,generalization,8,2,edge,1024,30.0,0.0,0.0,0.08966985360023902,39,0.0,0.13704149893079048,1.2522339269015157e-05,-1.000000238418579,1.0,0.0,0.0,0.0,0.0
masked_token,memorization,8,2,end,1024,30.0,1.0,0.8984820937803899,1.0,34,0.0,0.27710827763247137,6.042650874704027e-07,-1.0000000105184668,1.0,0.0,0.0,0.0,0.0
masked_token,generalization,8,2,end,1024,30.0,0.0,0.0,0.11351709139047801,30,0.0,0.13793321754783391,1.68125125045826e-05,-1.0000003496805827,1.0,0.0,0.0,0.0,0.0
next_token,memorization,8,,,1024,100.0,1.0,0.9272997032640948,0.9999999999999998,49,0.16326530612244897,0.27806131686179003,4.0779988275119194e-09,-1.0,1.0,0.0,0.0,0.0,0.0
next_token,generalization,8,,,1024,100.0,0.045454545454545456,0.012554846366981074,0.15135271525303162,44,0.2727272727272727,0.2000840272415768,4.0779988275119194e-09,-1.0,1.0,0.0,0.0,0.0,0.0
masked_token,memorization,8,1,center,1024,100.0,1.0,0.9286499658256813,1.0,50,0.2,0.27884535759687423,4.0779988275119194e-09,-1.0,1.0,0.0,0.0,0.0,0.0
masked_token,generalization,8,1,center,1024,100.0,0.05660377358490566,0.01943630892731418,0.15370448936126319,53,0.22641509433962265,0.19164066568438737,4.0779988275119194e-09,-1.0,1.0,0.0,0.0,0.0,0.0
masked_token,memorization,8,1,edge,1024,100.0,1.0,0.90818706741616,1.0,38,0.18421052631578946,0.28180175475580127,4.0779988275119194e-09,-1.0,1.0,0.0,0.0,0.0,0.0
masked_token,generalization,8,1,edge,1024,100.0,0.018867924528301886,0.0033383673867494,0.09943143501149411,53,0.16981132075471697,0.16998728333076216,4.0779988275119194e-09,-1.0,1.0,0.0,0.0,0.0,0.0
masked_token,memorization,8,1,end,1024,100.0,1.0,0.9272997032640948,0.9999999999999998,49,0.16326530612244897,0.27806131686179003,4.0779988275119194e-09,-1.0,1.0,0.0,0.0,0.0,0.0
masked_token,generalization,8,1,end,1024,100.0,0.022727272727272728,0.00402314838563701,0.11807979131537633,44,0.2727272727272727,0.2040331686254252,4.0779988275119194e-09,-1.0,1.0,0.0,0.0,0.0,0.0
masked_token,memorization,8,2,center,1024,100.0,1.0,0.8957265699643882,1.0,33,0.0,0.27604107197486993,4.0779988275119194e-09,-1.0,1.0,0.0,0.0,0.0,0.0
masked_token,generalization,8,2,center,1024,100.0,0.0,0.0,0.08966985360023902,39,0.0,0.18945316215738273,4.0779988275119194e-09,-1.0,1.0,0.0,0.0,0.0,0.0
masked_token,memorization,8,2,edge,1024,100.0,1.0,0.8830264055344442,1.0,29,0.0,0.27919263527568045,4.0779988275119194e-09,-1.0,1.0,0.0,0.0,0.0,0.0
masked_token,generalization,8,2,edge,1024,100.0,0.0,0.0,0.08966985360023902,39,0.0,0.18403861874666733,4.0779988275119194e-09,-1.0,1.0,0.0,0.0,0.0,0.0
masked_token,memorization,8,2,end,1024,100.0,1.0,0.8984820937803899,1.0,34,0.0,0.27710826404611855,4.0779988275119194e-09,-1.0,1.0,0.0,0.0,0.0,0.0
masked_token,generalization,8,2,end,1024,100.0,0.0,0.0,0.11351709139047801,30,0.0,0.17335193982968727,4.0779988275119194e-09,-1.0,1.0,0.0,0.0,0.0,0.0
next_token,memorization,16,,,64,3.0,0.09615384615384616,0.041773735183410265,0.20609881861160995,52,0.25,0.021256647144372646,0.9852037957081428,-1.5819829518978412,0.6126915801029938,0.0,0.0,1.0,1.0
next_token,generalization,16,,,64,3.0,0.09090909090909091,0.035921611478836546,0.21159519397917487,44,0.22727272727272727,0.021667700345543297,0.9851139052347704,-1.5819840891794725,0.6148533645001325,0.0,0.0,1.0,1.0
masked_token,memorization,16,1,center,64,3.0,0.0851063829787234,0.03359357946971308,0.19931805195022648,47,0.1702127659574468,0.021240642730225908,0.9851818642717727,-1.5819832898200827,0.613224484819047,0.0,0.0,1.0,1.0
masked_token,generalization,16,1,center,64,3.0,0.041666666666666664,0.01150165207896561,0.13975911147771475,48,0.1875,0.0211625377026697,0.985113891462485,-1.5819840828577678,0.6148541159927845,0.0,0.0,1.0,1.0
masked_token,memorization,16,1,edge,64,3.0,0.02564102564102564,0.00454058606523737,0.13181286478627144,39,0.23076923076923078,0.01282917402493648,0.9851216612718044,-1.5819838688923762,0.6146935912278982,0.0,0.0,1.0,1.0
masked_token,generalization,16,1,edge,64,3.0,0.0,0.0,0.07707617732978073,46,0.2391304347826087,0.012855706169553425,0.9851004714551179,-1.5819841623306274,0.6151818969975347,0.0,0.0,1.0,1.0
masked_token,memorization,16,1,end,64,3.0,0.09615384615384616,0.041773735183410265,0.20609881861160995,52,0.23076923076923078,0.02135168660718661,0.9851856426550791,-1.5819832040713384,0.613129395705003,0.0,0.0,1.0,1.0
masked_token,generalization,16,1,end,64,3.0,0.09090909090909091,0.035921611478836546,0.21159519397917487,44,0.20454545454545456,0.021671561524271965,0.9851125411011956,-1.5819840810515664,0.6148860210722144,0.0,0.0,1.0,1.0
masked_token,memorization,16,2,center,64,3.0,0.0,0.0,0.09890426758938868,35,0.0,0.012367076107433863,0.9851558651242938,-1.5819835662841797,0.6138437185968671,0.0,0.0,1.0,1.0
masked_token,generalization,16,2,center,64,3.0,0.0,0.0,0.09642183044857634,36,0.0,0.012393808406260278,0.9851169751750098,-1.5819840729236603,0.6147808449135886,0.0,0.0,1.0,1.0
masked_token,memorization,16,2,edge,64,3.0,0.0,0.0,0.12873304380462175,26,0.0,0.008090857344751175,0.9851068029036889,-1.5819840293664198,0.6150528100820688,0.0,0.0,1.0,1.0
masked_token,generalization,16,2,edge,64,3.0,0.0,0.0,0.11025900073475385,31,0.0,0.008090415789235023,0.9851096214786652,-1.5819841277214788,0.6149594553055302,0.0,0.0,1.0,1.0
masked_token,memorization,16,2,end,64,3.0,0.0,0.0,0.09642183044857634,36,0.0,0.03894482759965791,0.9851900239785513,-1.5819832848178015,0.6130415995915731,0.0,0.0,1.0,1.0
masked_token,generalization,16,2,end,64,3.0,0.0,0.0,0.09642183044857634,36,0.0,0.03889533085748553,0.9851168692111969,-1.581984066300922,0.6147861199246513,0.0,0.0,1.0,1.0
next_token,memorization,16,,,64,10.0,1.0,0.9312054095871177,1.0,52,0.25,0.18561789242980573,0.012828506869622149,-1.0005228106792157,0.9999996033998636,0.0,0.0,0.0,0.0
next_token,generalization,16,,,64,10.0,0.0,6.381712396155606e-18,0.08029831778201396,44,0.22727272727272727,0.07345700670372356,0.01902904372069646,-1.0008155053312129,0.9999993280930952,0.0,0.0,0.0,0.0
masked_token,memorization,16,1,center,64,10.0,1.0,0.9244398288016114,1.0,47,0.1702127659574468,0.18167864317272572,0.01295929398149886,-1.0005287743629294,0.9999995941811419,0.0,0.0,0.0,0.0
masked_token,generalization,16,1,center,64,10.0,0.0,0.0,0.0741026511527422,48,0.1875,0.07257022716415425,0.019640246018146474,-1.0008443742990494,0.9999993033707142,0.0,0.0,0.0,0.0
masked_token,memorization,16,1,edge,64,10.0,1.0,0.910330146399761,1.0,39,0.23076923076923078,0.18500716497118658,0.011939271806906432,-1.0004813151481824,0.9999996729386158,0.0,0.0,0.0,0.0
masked_token,generalization,16,1,edge,64,10.0,0.0,0.0,0.07707617732978073,46,0.2391304347826087,0.02711991277401862,0.019488887112263754,-1.0008375411448271,0.9999993041805599,0.0,0.0,0.0,0.0
masked_token,memorization,16,1,end,64,10.0,1.0,0.9312054095871177,1.0,52,0.23076923076923078,0.18561789214324492,0.012828506905442247,-1.0005228106792157,0.9999996033998636,0.0,0.0,0.0,0.0
masked_token,generalization,16,1,end,64,10.0,0.0,6.381712396155606e-18,0.08029831778201396,44,0.20454545454545456,0.07808954243294218,0.01899896041405472,-1.0008140910755505,0.9999993308023973,0.0,0.0,0.0,0.0
masked_token,memorization,16,2,center,64,10.0,1.0,0.9010957324106112,1.0,35,0.0,0.18239098601043224,0.01261504478752613,-1.0005130188805715,0.999999589579446,0.0,0.0,0.0,0.0
masked_token,generalization,16,2,center,64,10.0,0.0,0.0,0.09642183044857634,36,0.0,0.06420767250367337,0.019501185975968838,-1.0008379386530981,0.9999993013011085,0.0,0.0,0.0,0.0
masked_token,memorization,16,2,edge,64,10.0,1.0,0.8712669561953783,1.0,26,0.0,0.18382026111850372,0.011682478066247243,-1.0004694645221417,0.9999996767594264,0.0,0.0,0.0,0.0
masked_token,generalization,16,2,edge,64,10.0,0.0,0.0,0.11025900073475385,31,0.0,0.03871107179551355,0.01949390023946762,-1.000838052841925,0.9999992943579151,0.0,0.0,0.0,0.0
masked_token,memorization,16,2,end,64,10.0,1.0,0.9035781695514236,1.0,36,0.0,0.1863159256366392,0.01249178956883649,-1.0005073977841272,0.9999996324380239,0.0,0.0,0.0,0.0
masked_token,generalization,16,2,end,64,10.0,0.0,0.0,0.09642183044857634,36,0.0,0.07088305645932753,0.019107823234258428,-1.0008194247881572,0.9999993244806925,0.0,0.0,0.0,0.0
next_token,memorization,16,,,64,30.0,1.0,0.9312054095871177,1.0,52,0.25,0.18565401922051722,9.657291211376049e-10,-1.0,1.0,0.0,0.0,0.0,0.0
next_token,generalization,16,,,64,30.0,0.022727272727272728,0.00402314838563701,0.11807979131537633,44,0.22727272727272727,0.14447213751687246,1.3150090927787678e-09,-1.0,1.0,0.0,0.0,0.0,0.0
masked_token,memorization,16,1,center,64,30.0,1.0,0.9244398288016114,1.0,47,0.1702127659574468,0.18171787626565772,9.65442835015046e-10,-1.0,1.0,0.0,0.0,0.0,0.0
masked_token,generalization,16,1,center,64,30.0,0.0,0.0,0.0741026511527422,48,0.1875,0.16406381432898343,1.2839844997410606e-09,-1.0,1.0,0.0,0.0,0.0,0.0
masked_token,memorization,16,1,edge,64,30.0,1.0,0.910330146399761,1.0,39,0.23076923076923078,0.1850457932226933,7.125475039064628e-10,-1.0,1.0,0.0,0.0,0.0,0.0
masked_token,generalization,16,1,edge,64,30.0,0.021739130434782608,0.003847755111242632,0.11335554494333024,46,0.2391304347826087,0.07198402702646411,1.629085029918465e-09,-1.0,1.0,0.0,0.0,0.0,0.0
masked_token,memorization,16,1,end,64,30.0,1.0,0.9312054095871177,1.0,52,0.23076923076923078,0.18565401922051722,9.657291211376049e-10,-1.0,1.0,0.0,0.0,0.0,0.0
masked_token,generalization,16,1,end,64,30.0,0.022727272727272728,0.00402314838563701,0.11807979131537633,44,0.20454545454545456,0.14412102043967356,1.312278375611229e-09,-1.0,1.0,0.0,0.0,0.0,0.0
masked_token,memorization,16,2,center,64,30.0,1.0,0.9010957324106112,1.0,35,0.0,0.18243274922881808,9.331998594509982e-10,-1.0,1.0,0.0,0.0,0.0,0.0
masked_token,generalization,16,2,center,64,30.0,0.0,0.0,0.09642183044857634,36,0.0,0.14872875763103366,1.1508744343327295e-09,-1.0,1.0,0.0,0.0,0.0,0.0
masked_token,memorization,16,2,edge,64,30.0,1.0,0.8712669561953783,1.0,26,0.0,0.1838571381611893,6.691078225672643e-10,-1.0,1.0,0.0,0.0,0.0,0.0
masked_token,generalization,16,2,edge,64,30.0,0.0,0.0,0.11025900073475385,31,0.0,0.09646304750875119,1.3326139904829542e-09,-1.0,1.0,0.0,0.0,0.0,0.0
masked_token,memorization,16,2,end,64,30.0,1.0,0.9035781695514236,1.0,36,0.0,0.18634259700775146,9.146785651423548e-10,-1.0,1.0,0.0,0.0,0.0,0.0
masked_token,generalization,16,2,end,64,30.0,0.0,0.0,0.09642183044857634,36,0.0,0.12622741371807125,1.4256198166417988e-09,-1.0,1.0,0.0,0.0,0.0,0.0
next_token,memorization,16,,,64,100.0,1.0,0.9312054095871177,1.0,52,0.25,0.18565401922051722,4.185629065567298e-10,-1.0,1.0,0.0,0.0,0.0,0.0
next_token,generalization,16,,,64,100.0,0.022727272727272728,0.00402314838563701,0.11807979131537633,44,0.22727272727272727,0.14332851708273997,4.185629065567298e-10,-1.0,1.0,0.0,0.0,0.0,0.0
masked_token,memorization,16,1,center,64,100.0,1.0,0.9244398288016114,1.0,47,0.1702127659574468,0.18171787626565772,4.185629065567298e-10,-1.0,1.0,0.0,0.0,0.0,0.0
masked_token,generalization,16,1,center,64,100.0,0.0,0.0,0.0741026511527422,48,0.1875,0.16374784102663398,4.185629065567298e-10,-1.0,1.0,0.0,0.0,0.0,0.0
masked_token,memorization,16,1,edge,64,100.0,1.0,0.910330146399761,1.0,39,0.23076923076923078,0.1850457932226933,4.185629065567298e-10,-1.0,1.0,0.0,0.0,0.0,0.0
masked_token,generalization,16,1,edge,64,100.0,0.021739130434782608,0.003847755111242632,0.11335554494333024,46,0.2391304347826087,0.09959118359762689,4.185629065567298e-10,-1.0,1.0,0.0,0.0,0.0,0.0
masked_token,memorization,16,1,end,64,100.0,1.0,0.9312054095871177,1.0,52,0.23076923076923078,0.18565401922051722,4.185629065567298e-10,-1.0,1.0,0.0,0.0,0.0,0.0
masked_token,generalization,16,1,end,64,100.0,0.022727272727272728,0.00402314838563701,0.11807979131537633,44,0.20454545454545456,0.14312357980419288,4.185629065567298e-10,-1.0,1.0,0.0,0.0,0.0,0.0
masked_token,memorization,16,2,center,64,100.0,1.0,0.9010957324106112,1.0,35,0.0,0.18243274922881808,4.185629065567298e-10,-1.0,1.0,0.0,0.0,0.0,0.0
masked_token,generalization,16,2,center,64,100.0,0.0,0.0,0.09642183044857634,36,0.0,0.15379306001381743,4.185629065567298e-10,-1.0,1.0,0.0,0.0,0.0,0.0
masked_token,memorization,16,2,edge,64,100.0,1.0,0.8712669561953783,1.0,26,0.0,0.1838571381611893,4.185629065567298e-10,-1.0,1.0,0.0,0.0,0.0,0.0
masked_token,generalization,16,2,edge,64,100.0,0.0,0.0,0.11025900073475385,31,0.0,0.1045309848963253,4.185629065567298e-10,-1.0,1.0,0.0,0.0,0.0,0.0
masked_token,memorization,16,2,end,64,100.0,1.0,0.9035781695514236,1.0,36,0.0,0.18634259700775146,4.185629065567298e-10,-1.0,1.0,0.0,0.0,0.0,0.0
masked_token,generalization,16,2,end,64,100.0,0.0,0.0,0.09642183044857634,36,0.0,0.1298549844779902,4.185629065567298e-10,-1.0,1.0,0.0,0.0,0.0,0.0
next_token,memorization,16,,,256,3.0,0.057692307692307696,0.01981381269057321,0.15642755575159176,52,0.19230769230769232,0.012669006649118204,0.9955200896813319,-2.0016343547747684,0.36062917571801406,0.0,1.0,1.0,1.0
next_token,generalization,16,,,256,3.0,0.09090909090909091,0.035921611478836546,0.21159519397917487,44,0.22727272727272727,0.012717337601564148,0.9955205483870073,-2.001634353941137,0.36058037050745706,0.0,1.0,1.0,1.0
masked_token,memorization,16,1,center,256,3.0,0.1,0.0434751239915711,0.21360490334788393,50,0.16,0.020196858793497086,0.9955198872089386,-2.0016343498229983,0.3606496351957321,0.0,1.0,1.0,1.0
masked_token,generalization,16,1,center,256,3.0,0.08333333333333333,0.03288322434995555,0.19553565161066291,48,0.1875,0.020128656489153702,0.9955203086137772,-2.001634359359741,0.3605939994255702,0.0,1.0,1.0,1.0
masked_token,memorization,16,1,edge,256,3.0,0.0392156862745098,0.01082085626875121,0.13216548986265267,51,0.11764705882352941,0.003702470923171324,0.995519806356991,-2.001634354684867,0.36065057329103056,0.0,1.0,1.0,1.0
masked_token,generalization,16,1,edge,256,3.0,0.043478260869565216,0.012005193588830823,0.14532522919053417,46,0.2391304347826087,0.0036928786531738615,0.9955202885296034,-2.0016343541767285,0.36062358449334686,0.0,1.0,1.0,1.0
masked_token,memorization,16,1,end,256,3.0,0.057692307692307696,0.01981381269057321,0.15642755575159176,52,0.17307692307692307,0.01265675682001389,0.9955201080212226,-2.001634350189796,0.3606240520110497,0.0,1.0,1.0,1.0
masked_token,generalization,16,1,end,256,3.0,0.09090909090909091,0.035921611478836546,0.21159519397917487,44,0.20454545454545456,0.012714438225057993,0.9955205673521216,-2.001634348522533,0.3605776381763545,0.0,1.0,1.0,1.0
masked_token,memorization,16,2,center,256,3.0,0.0,0.0,0.09406095745514377,37,0.0,0.01242534932051156,0.9955198748691662,-2.0016343529159957,0.3606695307267679,0.0,1.0,1.0,1.0
masked_token,generalization,16,2,center,256,3.0,0.0,0.0,0.09642183044857634,36,0.0,0.012390636321571138,0.9955201463566886,-2.001634352737003,0.3606457594368193,0.0,1.0,1.0,1.0
masked_token,memorization,16,2,edge,256,3.0,0.0,0.0,0.09181293258383999,38,0.0,0.007748990613771112,0.9955201101930518,-2.001634359359741,0.3606140927264565,0.0,1.0,1.0,1.0
masked_token,generalization,16,2,edge,256,3.0,0.0,0.0,0.11025900073475385,31,0.0,0.007745916804959697,0.9955202764080416,-2.001634359359741,0.36059515033998796,0.0,1.0,1.0,1.0
masked_token,memorization,16,2,end,256,3.0,0.0,0.0,0.09642183044857634,36,0.0,0.02695653445294334,0.9955199195279015,-2.00163432624605,0.3606519690818257,0.0,1.0,1.0,1.0
masked_token,generalization,16,2,end,256,3.0,0.0,0.0,0.09642183044857634,36,0.0,0.02699044072586629,0.9955203930536906,-2.0016343461142645,0.36059174355533385,0.0,1.0,1.0,1.0
next_token,memorization,16,,,256,10.0,1.0,0.9312054095871177,1.0,52,0.19230769230769232,0.18611526324485356,0.037371970856418975,-1.002033109848316,0.999995584671314,0.0,0.0,0.0,0.0
next_token,generalization,16,,,256,10.0,0.022727272727272728,0.00402314838563701,0.11807979131537633,44,0.22727272727272727,0.0883111816576936,0.0543060548264872,-1.0031386071985418,0.9999932131984017,0.0,0.0,0.0,0.0
masked_token,memorization,16,1,center,256,10.0,1.0,0.9286499658256813,1.0,50,0.16,0.18462763220071793,0.037721902206540106,-1.0020547413825989,0.9999954855442047,0.0,0.0,0.0,0.0
masked_token,generalization,16,1,center,256,10.0,0.0,0.0,0.0741026511527422,48,0.1875,0.05404026305768639,0.0562477862307181,-1.003271333873272,0.9999930324653784,0.0,0.0,0.0,0.0
masked_token,memorization,16,1,edge,256,10.0,1.0,0.9299509861127317,0.9999999999999998,51,0.11764705882352941,0.18412336641374757,0.03856995610483721,-1.0021092961816227,0.9999954934213676,0.0,0.0,0.0,0.0
masked_token,generalization,16,1,edge,256,10.0,0.0,0.0,0.07707617732978073,46,0.2391304347826087,0.1647921856087835,0.05569544329267481,-1.0032326967819878,0.9999931078890095,0.0,0.0,0.0,0.0
masked_token,memorization,16,1,end,256,10.0,1.0,0.9312054095871177,1.0,52,0.17307692307692307,0.18611526338813397,0.03737197071313858,-1.002033109848316,0.999995584671314,0.0,0.0,0.0,0.0
masked_token,generalization,16,1,end,256,10.0,0.022727272727272728,0.00402314838563701,0.11807979131537633,44,0.20454545454545456,0.0828234517777508,0.055039490149779755,-1.003189192576842,0.9999930709600449,0.0,0.0,0.0,0.0
masked_token,memorization,16,2,center,256,10.0,1.0,0.9059390425448562,1.0,37,0.0,0.18444556657325578,0.03700624944994579,-1.0020102423590582,0.9999955280407055,0.0,0.0,0.0,0.0
masked_token,generalization,16,2,center,256,10.0,0.0,0.0,0.09642183044857634,36,0.0,0.05735287331562075,0.05663002903262774,-1.0032964547475178,0.9999928325414658,0.0,0.0,0.0,0.0
masked_token,memorization,16,2,edge,256,10.0,1.0,0.90818706741616,1.0,38,0.0,0.18508078157901764,0.03770070527925303,-1.0020545156378495,0.9999955280830986,0.0,0.0,0.0,0.0
masked_token,generalization,16,2,edge,256,10.0,0.0,0.0,0.11025900073475385,31,0.0,0.11193203400339811,0.055272824581592314,-1.0032018884535758,0.9999929185836546,0.0,0.0,0.0,0.0
masked_token,memorization,16,2,end,256,10.0,1.0,0.9035781695514236,1.0,36,0.0,0.18854768263796964,0.036120936636709504,-1.0019546979003482,0.9999958475430807,0.0,0.0,0.0,0.0
masked_token,generalization,16,2,end,256,10.0,0.0,0.0,0.09642183044857634,36,0.0,0.0700195391351978,0.055240984074771404,-1.0032003786828783,0.9999929616848627,0.0,0.0,0.0,0.0
next_token,memorization,16,,,256,30.0,1.0,0.9312054095871177,1.0,52,0.19230769230769232,0.18626157090497705,2.5913315318324073e-09,-1.0,1.0,0.0,0.0,0.0,0.0
next_token,generalization,16,,,256,30.0,0.0,6.381712396155606e-18,0.08029831778201396,44,0.22727272727272727,0.1476607249880379,5.6179313877681055e-09,-1.0,1.0,0.0,0.0,0.0,0.0
masked_token,memorization,16,1,center,256,30.0,1.0,0.9286499658256813,1.0,50,0.16,0.18480402559041978,2.662318032697897e-09,-1.0,1.0,0.0,0.0,0.0,0.0
masked_token,generalization,16,1,center,256,30.0,0.0,0.0,0.0741026511527422,48,0.1875,0.1280570401189228,5.841401330234734e-09,-1.0,1.0,0.0,0.0,0.0,0.0
masked_token,memorization,16,1,edge,256,30.0,1.0,0.9299509861127317,0.9999999999999998,51,0.11764705882352941,0.1842886077276632,2.9083886628010126e-09,-1.0,1.0,0.0,0.0,0.0,0.0
masked_token,generalization,16,1,edge,256,30.0,0.043478260869565216,0.012005193588830823,0.14532522919053417,46,0.2391304347826087,0.1283913228822791,5.83583659174991e-09,-1.0,1.0,0.0,0.0,0.0,0.0
masked_token,memorization,16,1,end,256,30.0,1.0,0.9312054095871177,1.0,52,0.17307692307692307,0.18626157090497705,2.5913315318324073e-09,-1.0,1.0,0.0,0.0,0.0,0.0
masked_token,generalization,16,1,end,256,30.0,0.0,6.381712396155606e-18,0.08029831778201396,44,0.20454545454545456,0.14377090775153853,5.7146864715110464e-09,-1.0,1.0,0.0,0.0,0.0,0.0
masked_token,memorization,16,2,center,256,30.0,1.0,0.9059390425448562,1.0,37,0.0,0.18460089597548987,2.521488708519672e-09,-1.0,1.0,0.0,0.0,0.0,0.0
masked_token,generalization,16,2,center,256,30.0,0.0,0.0,0.09642183044857634,36,0.0,0.11315613695316845,6.014481440663744e-09,-1.0,1.0,0.0,0.0,0.0,0.0
masked_token,memorization,16,2,edge,256,30.0,1.0,0.90818706741616,1.0,38,0.0,0.18524580527293055,2.748382743611444e-09,-1.0,1.0,0.0,0.0,0.0,0.0
masked_token,generalization,16,2,edge,256,30.0,0.0,0.0,0.11025900073475385,31,0.0,0.13224584591244498,5.873755897438158e-09,-1.0,1.0,0.0,0.0,0.0,0.0
masked_token,memorization,16,2,end,256,30.0,1.0,0.9035781695514236,1.0,36,0.0,0.1886684646209081,2.353284348252968e-09,-1.0,1.0,0.0,0.0,0.0,0.0
masked_token,generalization,16,2,end,256,30.0,0.0,0.0,0.09642183044857634,36,0.0,0.14125686345828903,5.343266058006119e-09,-1.0,1.0,0.0,0.0,0.0,0.0
next_token,memorization,16,,,256,100.0,1.0,0.9312054095871177,1.0,52,0.19230769230769232,0.18626157090497705,1.2706374841187085e-09,-1.0,1.0,0.0,0.0,0.0,0.0
next_token,generalization,16,,,256,100.0,0.0,6.381712396155606e-18,0.08029831778201396,44,0.22727272727272727,0.15007348248565738,1.2706374841187085e-09,-1.0,1.0,0.0,0.0,0.0,0.0
masked_token,memorization,16,1,center,256,100.0,1.0,0.9286499658256813,1.0,50,0.16,0.18480402559041978,1.2706374841187085e-09,-1.0,1.0,0.0,0.0,0.0,0.0
masked_token,generalization,16,1,center,256,100.0,0.0,0.0,0.0741026511527422,48,0.1875,0.13316077374232313,1.2706374841187085e-09,-1.0,1.0,0.0,0.0,0.0,0.0
masked_token,memorization,16,1,edge,256,100.0,1.0,0.9299509861127317,0.9999999999999998,51,0.11764705882352941,0.1842886077276632,1.2706374841187085e-09,-1.0,1.0,0.0,0.0,0.0,0.0
masked_token,generalization,16,1,edge,256,100.0,0.021739130434782608,0.003847755111242632,0.11335554494333024,46,0.2391304347826087,0.13141840210427408,1.2706374841187085e-09,-1.0,1.0,0.0,0.0,0.0,0.0
masked_token,memorization,16,1,end,256,100.0,1.0,0.9312054095871177,1.0,52,0.17307692307692307,0.18626157090497705,1.2706374841187085e-09,-1.0,1.0,0.0,0.0,0.0,0.0
masked_token,generalization,16,1,end,256,100.0,0.0,6.381712396155606e-18,0.08029831778201396,44,0.20454545454545456,0.1523038882931525,1.2706374841187085e-09,-1.0,1.0,0.0,0.0,0.0,0.0
masked_token,memorization,16,2,center,256,100.0,1.0,0.9059390425448562,1.0,37,0.0,0.18460089597548987,1.2706374841187085e-09,-1.0,1.0,0.0,0.0,0.0,0.0
masked_token,generalization,16,2,center,256,100.0,0.0,0.0,0.09642183044857634,36,0.0,0.1151298771922787,1.2706374841187085e-09,-1.0,1.0,0.0,0.0,0.0,0.0
masked_token,memorization,16,2,edge,256,100.0,1.0,0.90818706741616,1.0,38,0.0,0.18524580527293055,1.2706374841187085e-09,-1.0,1.0,0.0,0.0,0.0,0.0
masked_token,generalization,16,2,edge,256,100.0,0.0,0.0,0.11025900073475385,31,0.0,0.1445683025785031,1.2706374841187085e-09,-1.0,1.0,0.0,0.0,0.0,0.0
masked_token,memorization,16,2,end,256,100.0,1.0,0.9035781695514236,1.0,36,0.0,0.1886684646209081,1.2706374841187085e-09,-1.0,1.0,0.0,0.0,0.0,0.0
masked_token,generalization,16,2,end,256,100.0,0.0,0.0,0.09642183044857634,36,0.0,0.1486928460912572,1.2706374841187085e-09,-1.0,1.0,0.0,0.0,0.0,0.0
next_token,memorization,16,,,1024,3.0,0.0,0.0,0.07865426194064076,45,0.24444444444444444,0.005138843672143088,0.9959698398907979,-2.4443426662021213,0.44903294179174635,0.0,1.0,1.0,1.0
next_token,generalization,16,,,1024,3.0,0.0,6.381712396155606e-18,0.08029831778201396,44,0.22727272727272727,0.00513462129641663,0.9959699552167546,-2.444342618638819,0.4490530639886856,0.0,1.0,1.0,1.0
masked_token,memorization,16,1,center,1024,3.0,0.0,0.0,0.07707617732978073,46,0.21739130434782608,0.0013088953235875006,0.9959697062554567,-2.4443426443182905,0.44904532899027283,0.0,1.0,1.0,1.0
masked_token,generalization,16,1,center,1024,3.0,0.0,0.0,0.0741026511527422,48,0.1875,0.0013073182975252469,0.9959696854154269,-2.4443426380554834,0.4490430535127719,0.0,1.0,1.0,1.0
masked_token,memorization,16,1,edge,1024,3.0,0.02040816326530612,0.003611579538530689,0.10693768467754149,49,0.10204081632653061,0.01004434050041802,0.9959698489734105,-2.444342647280012,0.4490904041699001,0.0,1.0,1.0,1.0
masked_token,generalization,16,1,edge,1024,3.0,0.043478260869565216,0.012005193588830823,0.14532522919053417,46,0.2391304347826087,0.010036482273236565,0.9959698436052903,-2.4443426546843154,0.4490828792686048,0.0,1.0,1.0,1.0
masked_token,memorization,16,1,end,1024,3.0,0.0,0.0,0.07865426194064076,45,0.26666666666666666,0.005144976824522018,0.9959698981708951,-2.4443426503075494,0.44901809957292343,0.0,1.0,1.0,1.0
masked_token,generalization,16,1,end,1024,3.0,0.0,6.381712396155606e-18,0.08029831778201396,44,0.20454545454545456,0.005141205154359341,0.9959699403155934,-2.4443426348946313,0.4490248513492671,0.0,1.0,1.0,1.0
masked_token,memorization,16,2,center,1024,3.0,0.0,0.0,0.09642183044857634,36,0.0,0.003608786811431249,0.9959698269764582,-2.44434263308843,0.44904956387148964,0.0,1.0,1.0,1.0
masked_token,generalization,16,2,center,1024,3.0,0.0,0.0,0.09642183044857634,36,0.0,0.003602472806556357,0.995969929628902,-2.4443426529566445,0.4490829010804494,0.0,1.0,1.0,1.0
masked_token,memorization,16,2,edge,1024,3.0,0.0,0.0,0.10151790621961015,34,0.0,0.005216350231100531,0.9959697109811446,-2.4443426342571484,0.44905903584816875,0.0,1.0,1.0,1.0
masked_token,generalization,16,2,edge,1024,3.0,0.0,0.0,0.11025900073475385,31,0.0,0.005211479841701446,0.9959696685114214,-2.4443426670566684,0.44906000648775407,0.0,1.0,1.0,1.0
masked_token,memorization,16,2,end,1024,3.0,0.0,0.0,0.10427343003561192,33,0.0,0.0031294511687574964,0.9959699493466001,-2.4443426565690474,0.4490436270381465,0.0,1.0,1.0,1.0
masked_token,generalization,16,2,end,1024,3.0,0.0,0.0,0.09642183044857634,36,0.0,0.0031271063619189793,0.9959697226683298,-2.4443426860703363,0.4490441530942917,0.0,1.0,1.0,1.0
next_token,memorization,16,,,1024,10.0,1.0,0.9213457380593593,1.0,45,0.24444444444444444,0.18865713212225171,0.11161328206459681,-1.0077424022886488,0.9999455332756042,0.0,0.0,0.0,0.0
next_token,generalization,16,,,1024,10.0,0.0,6.381712396155606e-18,0.08029831778201396,44,0.22727272727272727,0.007562802257862958,0.23108638315038246,-0.9957085725936022,0.9612730578942732,0.0,0.022727272727272707,0.045454545454545414,0.11363636363636363
masked_token,memorization,16,1,center,1024,10.0,1.0,0.9229238226702192,1.0,46,0.21739130434782608,0.18611316751364781,0.1142517331501712,-1.0079604490943577,0.9999429285526276,0.0,0.0,0.0,0.0
masked_token,generalization,16,1,center,1024,10.0,0.041666666666666664,0.01150165207896561,0.13975911147771475,48,0.1875,0.05726815992966294,0.24171135543535152,-0.9941521013776461,0.9577758939315876,0.0,0.02083333333333337,0.08333333333333337,0.125
masked_token,memorization,16,1,edge,1024,10.0,1.0,0.9272997032640948,0.9999999999999998,49,0.10204081632653061,0.1819126626134527,0.11407933353769537,-1.0079478974245033,0.9999447100016535,0.0,0.0,0.0,0.0
masked_token,generalization,16,1,edge,1024,10.0,0.0,0.0,0.07707617732978073,46,0.2391304347826087,0.026626589910491653,0.19933106782643692,-1.0034138352974602,0.9769032545711683,0.0,0.021739130434782594,0.04347826086956519,0.06521739130434782
masked_token,memorization,16,1,end,1024,10.0,1.0,0.9213457380593593,1.0,45,0.26666666666666666,0.18865713038378293,0.11161328471369214,-1.0077424022886488,0.9999455293019612,0.0,0.0,0.0,0.0
masked_token,generalization,16,1,end,1024,10.0,0.0,6.381712396155606e-18,0.08029831778201396,44,0.20454545454545456,0.00773470230739225,0.2270087335597385,-0.9970588507977399,0.9587863297625021,0.0,0.022727272727272707,0.06818181818181823,0.11363636363636363
masked_token,memorization,16,2,center,1024,10.0,1.0,0.9035781695514236,1.0,36,0.0,0.18631252982757157,0.11257334984838963,-1.0078234142727323,0.9999431123336157,0.0,0.0,0.0,0.0
masked_token,generalization,16,2,center,1024,10.0,0.0,0.0,0.09642183044857634,36,0.0,0.05394275959891578,0.21798777621653345,-0.9996948639551798,0.9718384626838896,0.0,0.0,0.08333333333333337,0.08333333333333333
masked_token,memorization,16,2,edge,1024,10.0,1.0,0.8984820937803899,1.0,34,0.0,0.18589686103822553,0.11070182459319339,-1.0076657077845406,0.9999470167300281,0.0,0.0,0.0,0.0
masked_token,generalization,16,2,edge,1024,10.0,0.0,0.0,0.11025900073475385,31,0.0,0.0235433513899484,0.2469834771848494,-0.9935560014940077,0.9562363903368672,0.0,0.032258064516129004,0.06451612903225812,0.12903225806451613
masked_token,memorization,16,2,end,1024,10.0,1.0,0.8957265699643882,1.0,33,0.0,0.19019024486117292,0.10898803693778587,-1.007534131859288,0.9999486045403914,0.0,0.0,0.0,0.0
masked_token,generalization,16,2,end,1024,10.0,0.0,0.0,0.09642183044857634,36,0.0,0.09078236819348401,0.1910569423602687,-1.004169030321969,0.9864635401301913,0.0,0.0,0.0,0.05555555555555555
next_token,memorization,16,,,1024,30.0,1.0,0.9213457380593593,1.0,45,0.24444444444444444,0.18916998215847544,9.37622960014058e-09,-1.0,1.0,0.0,0.0,0.0,0.0
next_token,generalization,16,,,1024,30.0,0.0,6.381712396155606e-18,0.08029831778201396,44,0.22727272727272727,0.14771008271385322,2.133521103221302e-08,-1.0,1.0,0.0,0.0,0.0,0.0
masked_token,memorization,16,1,center,1024,30.0,1.0,0.9229238226702192,1.0,46,0.21739130434782608,0.18676267637182836,1.0145060685249148e-08,-1.0,1.0,0.0,0.0,0.0,0.0
masked_token,generalization,16,1,center,1024,30.0,0.041666666666666664,0.01150165207896561,0.13975911147771475,48,0.1875,0.12857071500426778,2.0162479149229046e-08,-1.0,1.0,0.0,0.0,0.0,0.0
masked_token,memorization,16,1,edge,1024,30.0,1.0,0.9272997032640948,0.9999999999999998,49,0.10204081632653061,0.18259054791106252,9.57796690032382e-09,-1.0,1.0,0.0,0.0,0.0,0.0
masked_token,generalization,16,1,edge,1024,30.0,0.021739130434782608,0.003847755111242632,0.11335554494333024,46,0.2391304347826087,0.1400538680508085,1.71531532166608e-08,-1.0,1.0,0.0,0.0,0.0,0.0
masked_token,memorization,16,1,end,1024,30.0,1.0,0.9213457380593593,1.0,45,0.26666666666666666,0.18916998215847544,9.37622960014058e-09,-1.0,1.0,0.0,0.0,0.0,0.0
masked_token,generalization,16,1,end,1024,30.0,0.0,6.381712396155606e-18,0.08029831778201396,44,0.20454545454545456,0.13902105259793726,1.9471030717048296e-08,-1.0,1.0,0.0,0.0,0.0,0.0
masked_token,memorization,16,2,center,1024,30.0,1.0,0.9035781695514236,1.0,36,0.0,0.18698970585440597,1.020262426395154e-08,-1.0,1.0,0.0,0.0,0.0,0.0
masked_token,generalization,16,2,center,1024,30.0,0.0,0.0,0.09642183044857634,36,0.0,0.13420526983423364,2.049242014350799e-08,-1.0,1.0,0.0,0.0,0.0,0.0
masked_token,memorization,16,2,edge,1024,30.0,1.0,0.8984820937803899,1.0,34,0.0,0.18646738453603842,7.984019941907698e-09,-1.0,1.0,0.0,0.0,0.0,0.0
masked_token,generalization,16,2,edge,1024,30.0,0.0,0.0,0.11025900073475385,31,0.0,0.13067430197711913,1.603952596547005e-08,-1.0,1.0,0.0,0.0,0.0,0.0
masked_token,memorization,16,2,end,1024,30.0,1.0,0.8957265699643882,1.0,33,0.0,0.19070032927574534,9.475675745734992e-09,-1.0,1.0,0.0,0.0,0.0,0.0
masked_token,generalization,16,2,end,1024,30.0,0.0,0.0,0.09642183044857634,36,0.0,0.1377479473594576,2.05929400075454e-08,-1.0,1.0,0.0,0.0,0.0,0.0
next_token,memorization,16,,,1024,100.0,1.0,0.9213457380593593,1.0,45,0.24444444444444444,0.18916998215847544,4.0779988275119194e-09,-1.0,1.0,0.0,0.0,0.0,0.0
next_token,generalization,16,,,1024,100.0,0.0,6.381712396155606e-18,0.08029831778201396,44,0.22727272727272727,0.1533191091465679,4.0779988275119194e-09,-1.0,1.0,0.0,0.0,0.0,0.0
masked_token,memorization,16,1,center,1024,100.0,1.0,0.9229238226702192,1.0,46,0.21739130434782608,0.18676267661478207,4.0779988275119194e-09,-1.0,1.0,0.0,0.0,0.0,0.0
masked_token,generalization,16,1,center,1024,100.0,0.041666666666666664,0.01150165207896561,0.13975911147771475,48,0.1875,0.14725110707028458,4.0779988275119194e-09,-1.0,1.0,0.0,0.0,0.0,0.0
masked_token,memorization,16,1,edge,1024,100.0,1.0,0.9272997032640948,0.9999999999999998,49,0.10204081632653061,0.1825905478350362,4.0779988275119194e-09,-1.0,1.0,0.0,0.0,0.0,0.0
masked_token,generalization,16,1,edge,1024,100.0,0.021739130434782608,0.003847755111242632,0.11335554494333024,46,0.2391304347826087,0.16225530887427536,4.0779988275119194e-09,-1.0,1.0,0.0,0.0,0.0,0.0
masked_token,memorization,16,1,end,1024,100.0,1.0,0.9213457380593593,1.0,45,0.26666666666666666,0.18916998215847544,4.0779988275119194e-09,-1.0,1.0,0.0,0.0,0.0,0.0
masked_token,generalization,16,1,end,1024,100.0,0.0,6.381712396155606e-18,0.08029831778201396,44,0.20454545454545456,0.14189431858672338,4.0779988275119194e-09,-1.0,1.0,0.0,0.0,0.0,0.0
masked_token,memorization,16,2,center,1024,100.0,1.0,0.9035781695514236,1.0,36,0.0,0.1869897060096264,4.0779988275119194e-09,-1.0,1.0,0.0,0.0,0.0,0.0
masked_token,generalization,16,2,center,1024,100.0,0.0,0.0,0.09642183044857634,36,0.0,0.13627788414143854,4.0779988275119194e-09,-1.0,1.0,0.0,0.0,0.0,0.0
masked_token,memorization,16,2,edge,1024,100.0,1.0,0.8984820937803899,1.0,34,0.0,0.18646738448125474,4.0779988275119194e-09,-1.0,1.0,0.0,0.0,0.0,0.0
masked_token,generalization,16,2,edge,1024,100.0,0.0,0.0,0.11025900073475385,31,0.0,0.15721102900082065,4.0779988275119194e-09,-1.0,1.0,0.0,0.0,0.0,0.0
masked_token,memorization,16,2,end,1024,100.0,1.0,0.8957265699643882,1.0,33,0.0,0.19070032927574534,4.0779988275119194e-09,-1.0,1.0,0.0,0.0,0.0,0.0
masked_token,generalization,16,2,end,1024,100.0,0.0,0.0,0.09642183044857634,36,0.0,0.14981624825547138,4.0779988275119194e-09,-1.0,1.0,0.0,0.0,0.0,0.0
